,Sim Batch,Sim Number,Crit Evol File,Crit Revs File,Deaths File,ICU Occup File,Pos Digns File,Type of Monitoring,Appointments Interval,RPM Recall,Critical Death Rate,ICU Death Rate,Early Diagnoses Rate,Criticality Reversal Rate,Mean ICU Occupancy,Max ICU Occupacy,Mean ICU Stay,Max Number of Early Diagnoses
0,31_05_2023_01_43_30,1,OUTPUTS/31_05_2023_01_43_30/1/crit_evol_markers.npy,OUTPUTS/31_05_2023_01_43_30/1/crit_reversals.npy,OUTPUTS/31_05_2023_01_43_30/1/deaths.npy,OUTPUTS/31_05_2023_01_43_30/1/icu_occupancy.npy,OUTPUTS/31_05_2023_01_43_30/1/positive_diagnoses.npy,NONE,NONE,NONE,0.19852490994261957,0.203200373085387,0.0,0.0,184.08065753424657,326.0,24.479881079032893,0.0
1,31_05_2023_01_43_30,10,OUTPUTS/31_05_2023_01_43_30/10/crit_evol_markers.npy,OUTPUTS/31_05_2023_01_43_30/10/crit_reversals.npy,OUTPUTS/31_05_2023_01_43_30/10/deaths.npy,OUTPUTS/31_05_2023_01_43_30/10/icu_occupancy.npy,OUTPUTS/31_05_2023_01_43_30/10/positive_diagnoses.npy,NONE,NONE,NONE,0.2002540280572562,0.20511621108025144,0.0,0.0,183.32416438356165,303.0,24.453047800029236,0.0
2,31_05_2023_01_43_30,2,OUTPUTS/31_05_2023_01_43_30/2/crit_evol_markers.npy,OUTPUTS/31_05_2023_01_43_30/2/crit_reversals.npy,OUTPUTS/31_05_2023_01_43_30/2/deaths.npy,OUTPUTS/31_05_2023_01_43_30/2/icu_occupancy.npy,OUTPUTS/31_05_2023_01_43_30/2/positive_diagnoses.npy,NONE,NONE,NONE,0.19928506323345108,0.20414326354949303,0.0,0.0,183.5894794520548,308.0,24.440207163177476,0.0
3,31_05_2023_01_43_30,3,OUTPUTS/31_05_2023_01_43_30/3/crit_evol_markers.npy,OUTPUTS/31_05_2023_01_43_30/3/crit_reversals.npy,OUTPUTS/31_05_2023_01_43_30/3/deaths.npy,OUTPUTS/31_05_2023_01_43_30/3/icu_occupancy.npy,OUTPUTS/31_05_2023_01_43_30/3/positive_diagnoses.npy,NONE,NONE,NONE,0.19857662367179954,0.20328359945321817,0.0,0.0,184.41983561643835,319.0,24.471846552075153,0.0
4,31_05_2023_01_43_30,4,OUTPUTS/31_05_2023_01_43_30/4/crit_evol_markers.npy,OUTPUTS/31_05_2023_01_43_30/4/crit_reversals.npy,OUTPUTS/31_05_2023_01_43_30/4/deaths.npy,OUTPUTS/31_05_2023_01_43_30/4/icu_occupancy.npy,OUTPUTS/31_05_2023_01_43_30/4/positive_diagnoses.npy,NONE,NONE,NONE,0.19883007561706378,0.203474959848153,0.0,0.0,183.5763287671233,296.0,24.4580814717477,0.0
5,31_05_2023_01_43_30,5,OUTPUTS/31_05_2023_01_43_30/5/crit_evol_markers.npy,OUTPUTS/31_05_2023_01_43_30/5/crit_reversals.npy,OUTPUTS/31_05_2023_01_43_30/5/deaths.npy,OUTPUTS/31_05_2023_01_43_30/5/icu_occupancy.npy,OUTPUTS/31_05_2023_01_43_30/5/positive_diagnoses.npy,NONE,NONE,NONE,0.20107387520829476,0.2058347548440712,0.0,0.0,183.54849315068492,334.0,24.419075945122394,0.0
6,31_05_2023_01_43_30,6,OUTPUTS/31_05_2023_01_43_30/6/crit_evol_markers.npy,OUTPUTS/31_05_2023_01_43_30/6/crit_reversals.npy,OUTPUTS/31_05_2023_01_43_30/6/deaths.npy,OUTPUTS/31_05_2023_01_43_30/6/icu_occupancy.npy,OUTPUTS/31_05_2023_01_43_30/6/positive_diagnoses.npy,NONE,NONE,NONE,0.19899108699040682,0.2036250271877039,0.0,0.0,184.74772602739725,318.0,24.44461683462626,0.0
7,31_05_2023_01_43_30,7,OUTPUTS/31_05_2023_01_43_30/7/crit_evol_markers.npy,OUTPUTS/31_05_2023_01_43_30/7/crit_reversals.npy,OUTPUTS/31_05_2023_01_43_30/7/deaths.npy,OUTPUTS/31_05_2023_01_43_30/7/icu_occupancy.npy,OUTPUTS/31_05_2023_01_43_30/7/positive_diagnoses.npy,NONE,NONE,NONE,0.19597783415297837,0.2006355102218482,0.0,0.0,185.0424109589041,313.0,24.49923825829573,0.0
8,31_05_2023_01_43_30,8,OUTPUTS/31_05_2023_01_43_30/8/crit_evol_markers.npy,OUTPUTS/31_05_2023_01_43_30/8/crit_reversals.npy,OUTPUTS/31_05_2023_01_43_30/8/deaths.npy,OUTPUTS/31_05_2023_01_43_30/8/icu_occupancy.npy,OUTPUTS/31_05_2023_01_43_30/8/positive_diagnoses.npy,NONE,NONE,NONE,0.19845920292836572,0.2032430547483436,0.0,0.0,184.64471232876713,314.0,24.48103859118912,0.0
9,31_05_2023_01_43_30,9,OUTPUTS/31_05_2023_01_43_30/9/crit_evol_markers.npy,OUTPUTS/31_05_2023_01_43_30/9/crit_reversals.npy,OUTPUTS/31_05_2023_01_43_30/9/deaths.npy,OUTPUTS/31_05_2023_01_43_30/9/icu_occupancy.npy,OUTPUTS/31_05_2023_01_43_30/9/positive_diagnoses.npy,NONE,NONE,NONE,0.20019965772960638,0.20500912741876598,0.0,0.0,183.20613698630137,317.0,24.414107338444687,0.0
10,31_05_2023_02_39_15,1,OUTPUTS/31_05_2023_02_39_15/1/crit_evol_markers.npy,OUTPUTS/31_05_2023_02_39_15/1/crit_reversals.npy,OUTPUTS/31_05_2023_02_39_15/1/deaths.npy,OUTPUTS/31_05_2023_02_39_15/1/icu_occupancy.npy,OUTPUTS/31_05_2023_02_39_15/1/positive_diagnoses.npy,LOCAL,28,NONE,0.09160132240084977,0.10450708061002179,0.9287956365545967,0.1318342941029038,141.23824657534246,211.0,17.5490059912854,22.0
11,31_05_2023_02_39_15,10,OUTPUTS/31_05_2023_02_39_15/10/crit_evol_markers.npy,OUTPUTS/31_05_2023_02_39_15/10/crit_reversals.npy,OUTPUTS/31_05_2023_02_39_15/10/deaths.npy,OUTPUTS/31_05_2023_02_39_15/10/icu_occupancy.npy,OUTPUTS/31_05_2023_02_39_15/10/positive_diagnoses.npy,LOCAL,28,NONE,0.09408026278206227,0.10732468943045279,0.9283061982290775,0.13166476244882414,141.77709589041095,219.0,17.564537370171745,22.0
12,31_05_2023_02_39_15,2,OUTPUTS/31_05_2023_02_39_15/2/crit_evol_markers.npy,OUTPUTS/31_05_2023_02_39_15/2/crit_reversals.npy,OUTPUTS/31_05_2023_02_39_15/2/deaths.npy,OUTPUTS/31_05_2023_02_39_15/2/icu_occupancy.npy,OUTPUTS/31_05_2023_02_39_15/2/positive_diagnoses.npy,LOCAL,28,NONE,0.0938851068911979,0.10711414517161973,0.9273378717305625,0.13104024841753253,141.17895890410958,209.0,17.553829592990777,22.0
13,31_05_2023_02_39_15,3,OUTPUTS/31_05_2023_02_39_15/3/crit_evol_markers.npy,OUTPUTS/31_05_2023_02_39_15/3/crit_reversals.npy,OUTPUTS/31_05_2023_02_39_15/3/deaths.npy,OUTPUTS/31_05_2023_02_39_15/3/icu_occupancy.npy,OUTPUTS/31_05_2023_02_39_15/3/positive_diagnoses.npy,LOCAL,28,NONE,0.09014799354899915,0.10283673552209732,0.9278887202352718,0.13235224362014988,142.79309589041097,212.0,17.62627328436346,22.0
14,31_05_2023_02_39_15,4,OUTPUTS/31_05_2023_02_39_15/4/crit_evol_markers.npy,OUTPUTS/31_05_2023_02_39_15/4/crit_reversals.npy,OUTPUTS/31_05_2023_02_39_15/4/deaths.npy,OUTPUTS/31_05_2023_02_39_15/4/icu_occupancy.npy,OUTPUTS/31_05_2023_02_39_15/4/positive_diagnoses.npy,LOCAL,28,NONE,0.0926192373092976,0.10566083806991602,0.9296288809351106,0.1323114974374829,142.06915068493151,215.0,17.58591641005467,22.0
15,31_05_2023_02_39_15,5,OUTPUTS/31_05_2023_02_39_15/5/crit_evol_markers.npy,OUTPUTS/31_05_2023_02_39_15/5/crit_reversals.npy,OUTPUTS/31_05_2023_02_39_15/5/deaths.npy,OUTPUTS/31_05_2023_02_39_15/5/icu_occupancy.npy,OUTPUTS/31_05_2023_02_39_15/5/positive_diagnoses.npy,LOCAL,28,NONE,0.09192777103704232,0.10474667244978178,0.9292698593961887,0.13233649751385815,142.16131506849314,208.0,17.582775353086287,22.0
16,31_05_2023_02_39_15,6,OUTPUTS/31_05_2023_02_39_15/6/crit_evol_markers.npy,OUTPUTS/31_05_2023_02_39_15/6/crit_reversals.npy,OUTPUTS/31_05_2023_02_39_15/6/deaths.npy,OUTPUTS/31_05_2023_02_39_15/6/icu_occupancy.npy,OUTPUTS/31_05_2023_02_39_15/6/positive_diagnoses.npy,LOCAL,28,NONE,0.09347064292355002,0.10675197386332698,0.9280316574888555,0.1326968461703497,141.53545205479452,217.0,17.5811462020147,23.0
17,31_05_2023_02_39_15,7,OUTPUTS/31_05_2023_02_39_15/7/crit_evol_markers.npy,OUTPUTS/31_05_2023_02_39_15/7/crit_reversals.npy,OUTPUTS/31_05_2023_02_39_15/7/deaths.npy,OUTPUTS/31_05_2023_02_39_15/7/icu_occupancy.npy,OUTPUTS/31_05_2023_02_39_15/7/positive_diagnoses.npy,LOCAL,28,NONE,0.09231722428748451,0.10549965278250568,0.929653989133543,0.1342817653226575,141.22531506849316,218.0,17.547160305551394,24.0
18,31_05_2023_02_39_15,8,OUTPUTS/31_05_2023_02_39_15/8/crit_evol_markers.npy,OUTPUTS/31_05_2023_02_39_15/8/crit_reversals.npy,OUTPUTS/31_05_2023_02_39_15/8/deaths.npy,OUTPUTS/31_05_2023_02_39_15/8/icu_occupancy.npy,OUTPUTS/31_05_2023_02_39_15/8/positive_diagnoses.npy,LOCAL,28,NONE,0.0926998149585149,0.10578298481029903,0.9271175311884439,0.13170178475496927,141.43298630136985,208.0,17.58158163612833,23.0
19,31_05_2023_02_39_15,9,OUTPUTS/31_05_2023_02_39_15/9/crit_evol_markers.npy,OUTPUTS/31_05_2023_02_39_15/9/crit_reversals.npy,OUTPUTS/31_05_2023_02_39_15/9/deaths.npy,OUTPUTS/31_05_2023_02_39_15/9/icu_occupancy.npy,OUTPUTS/31_05_2023_02_39_15/9/positive_diagnoses.npy,LOCAL,28,NONE,0.09162932043656659,0.10467236698139969,0.9290165427047736,0.13338220861072023,142.62443835616438,223.0,17.5797706366252,23.0
20,31_05_2023_03_47_01,1,OUTPUTS/31_05_2023_03_47_01/1/crit_evol_markers.npy,OUTPUTS/31_05_2023_03_47_01/1/crit_reversals.npy,OUTPUTS/31_05_2023_03_47_01/1/deaths.npy,OUTPUTS/31_05_2023_03_47_01/1/icu_occupancy.npy,OUTPUTS/31_05_2023_03_47_01/1/positive_diagnoses.npy,LOCAL,56,NONE,0.12270918322791521,0.13545037663357065,0.750552041618324,0.08797734446149431,159.23539726027397,252.0,20.009405511106216,19.0
21,31_05_2023_03_47_01,10,OUTPUTS/31_05_2023_03_47_01/10/crit_evol_markers.npy,OUTPUTS/31_05_2023_03_47_01/10/crit_reversals.npy,OUTPUTS/31_05_2023_03_47_01/10/deaths.npy,OUTPUTS/31_05_2023_03_47_01/10/icu_occupancy.npy,OUTPUTS/31_05_2023_03_47_01/10/positive_diagnoses.npy,LOCAL,56,NONE,0.12390066929380121,0.1366691045579367,0.7502595859135548,0.08605742165509477,158.59638356164385,241.0,19.97035892199208,21.0
22,31_05_2023_03_47_01,2,OUTPUTS/31_05_2023_03_47_01/2/crit_evol_markers.npy,OUTPUTS/31_05_2023_03_47_01/2/crit_reversals.npy,OUTPUTS/31_05_2023_03_47_01/2/deaths.npy,OUTPUTS/31_05_2023_03_47_01/2/icu_occupancy.npy,OUTPUTS/31_05_2023_03_47_01/2/positive_diagnoses.npy,LOCAL,56,NONE,0.12440185409612814,0.1373436142185194,0.7501592973425455,0.08685765689226502,158.65216438356165,260.0,19.969115963419178,18.0
23,31_05_2023_03_47_01,3,OUTPUTS/31_05_2023_03_47_01/3/crit_evol_markers.npy,OUTPUTS/31_05_2023_03_47_01/3/crit_reversals.npy,OUTPUTS/31_05_2023_03_47_01/3/deaths.npy,OUTPUTS/31_05_2023_03_47_01/3/icu_occupancy.npy,OUTPUTS/31_05_2023_03_47_01/3/positive_diagnoses.npy,LOCAL,56,NONE,0.12395948249924782,0.13673133564721987,0.7513413900310901,0.08770434259352121,158.04394520547945,241.0,19.942074477647026,19.0
24,31_05_2023_03_47_01,4,OUTPUTS/31_05_2023_03_47_01/4/crit_evol_markers.npy,OUTPUTS/31_05_2023_03_47_01/4/crit_reversals.npy,OUTPUTS/31_05_2023_03_47_01/4/deaths.npy,OUTPUTS/31_05_2023_03_47_01/4/icu_occupancy.npy,OUTPUTS/31_05_2023_03_47_01/4/positive_diagnoses.npy,LOCAL,56,NONE,0.12273356013308909,0.13534609517789167,0.7512928832230489,0.08750482884095355,159.34235616438357,247.0,19.98102213854801,20.0
25,31_05_2023_03_47_01,5,OUTPUTS/31_05_2023_03_47_01/5/crit_evol_markers.npy,OUTPUTS/31_05_2023_03_47_01/5/crit_reversals.npy,OUTPUTS/31_05_2023_03_47_01/5/deaths.npy,OUTPUTS/31_05_2023_03_47_01/5/icu_occupancy.npy,OUTPUTS/31_05_2023_03_47_01/5/positive_diagnoses.npy,LOCAL,56,NONE,0.12547213612578584,0.1382777170831547,0.7496580542344807,0.08589426660476089,157.98838356164384,252.0,19.93671778844159,20.0
26,31_05_2023_03_47_01,6,OUTPUTS/31_05_2023_03_47_01/6/crit_evol_markers.npy,OUTPUTS/31_05_2023_03_47_01/6/crit_reversals.npy,OUTPUTS/31_05_2023_03_47_01/6/deaths.npy,OUTPUTS/31_05_2023_03_47_01/6/icu_occupancy.npy,OUTPUTS/31_05_2023_03_47_01/6/positive_diagnoses.npy,LOCAL,56,NONE,0.12409545033427649,0.13689662316138387,0.7496807471768034,0.08733755665172648,158.54312328767122,232.0,19.98074718596782,20.0
27,31_05_2023_03_47_01,7,OUTPUTS/31_05_2023_03_47_01/7/crit_evol_markers.npy,OUTPUTS/31_05_2023_03_47_01/7/crit_reversals.npy,OUTPUTS/31_05_2023_03_47_01/7/deaths.npy,OUTPUTS/31_05_2023_03_47_01/7/icu_occupancy.npy,OUTPUTS/31_05_2023_03_47_01/7/positive_diagnoses.npy,LOCAL,56,NONE,0.12609702660406885,0.1392622089486201,0.7508607198748044,0.08818779342723004,158.17512328767123,256.0,19.95669487307118,20.0
28,31_05_2023_03_47_01,8,OUTPUTS/31_05_2023_03_47_01/8/crit_evol_markers.npy,OUTPUTS/31_05_2023_03_47_01/8/crit_reversals.npy,OUTPUTS/31_05_2023_03_47_01/8/deaths.npy,OUTPUTS/31_05_2023_03_47_01/8/icu_occupancy.npy,OUTPUTS/31_05_2023_03_47_01/8/positive_diagnoses.npy,LOCAL,56,NONE,0.12239756332961482,0.13516506332618175,0.7512816334716286,0.08780286033015379,158.2265205479452,250.0,19.985009343207143,19.0
29,31_05_2023_03_47_01,9,OUTPUTS/31_05_2023_03_47_01/9/crit_evol_markers.npy,OUTPUTS/31_05_2023_03_47_01/9/crit_reversals.npy,OUTPUTS/31_05_2023_03_47_01/9/deaths.npy,OUTPUTS/31_05_2023_03_47_01/9/icu_occupancy.npy,OUTPUTS/31_05_2023_03_47_01/9/positive_diagnoses.npy,LOCAL,56,NONE,0.12500942755863942,0.1380962299520933,0.7504462377755989,0.08849335042863966,157.54016438356163,258.0,19.961869055057974,19.0
30,31_05_2023_04_53_59,1,OUTPUTS/31_05_2023_04_53_59/1/crit_evol_markers.npy,OUTPUTS/31_05_2023_04_53_59/1/crit_reversals.npy,OUTPUTS/31_05_2023_04_53_59/1/deaths.npy,OUTPUTS/31_05_2023_04_53_59/1/icu_occupancy.npy,OUTPUTS/31_05_2023_04_53_59/1/positive_diagnoses.npy,LOCAL,84,NONE,0.1434455241650042,0.15522284122562674,0.5942209923418496,0.06342750498745094,167.05391780821918,261.0,21.230738161559888,18.0
31,31_05_2023_04_53_59,10,OUTPUTS/31_05_2023_04_53_59/10/crit_evol_markers.npy,OUTPUTS/31_05_2023_04_53_59/10/crit_reversals.npy,OUTPUTS/31_05_2023_04_53_59/10/deaths.npy,OUTPUTS/31_05_2023_04_53_59/10/icu_occupancy.npy,OUTPUTS/31_05_2023_04_53_59/10/positive_diagnoses.npy,LOCAL,84,NONE,0.14444573899310006,0.15652003142183818,0.5947544888474633,0.06467565083433661,165.86191780821918,251.0,21.230641903265628,17.0
32,31_05_2023_04_53_59,2,OUTPUTS/31_05_2023_04_53_59/2/crit_evol_markers.npy,OUTPUTS/31_05_2023_04_53_59/2/crit_reversals.npy,OUTPUTS/31_05_2023_04_53_59/2/deaths.npy,OUTPUTS/31_05_2023_04_53_59/2/icu_occupancy.npy,OUTPUTS/31_05_2023_04_53_59/2/positive_diagnoses.npy,LOCAL,84,NONE,0.1427945233736431,0.15482680533422796,0.5942809994069567,0.06508006085140397,166.5971506849315,264.0,21.25023064664933,16.0
33,31_05_2023_04_53_59,3,OUTPUTS/31_05_2023_04_53_59/3/crit_evol_markers.npy,OUTPUTS/31_05_2023_04_53_59/3/crit_reversals.npy,OUTPUTS/31_05_2023_04_53_59/3/deaths.npy,OUTPUTS/31_05_2023_04_53_59/3/icu_occupancy.npy,OUTPUTS/31_05_2023_04_53_59/3/positive_diagnoses.npy,LOCAL,84,NONE,0.1445030394347171,0.15632025629496402,0.5904296773523147,0.06303579778666805,165.45501369863013,273.0,21.214267648381295,16.0
34,31_05_2023_04_53_59,4,OUTPUTS/31_05_2023_04_53_59/4/crit_evol_markers.npy,OUTPUTS/31_05_2023_04_53_59/4/crit_reversals.npy,OUTPUTS/31_05_2023_04_53_59/4/deaths.npy,OUTPUTS/31_05_2023_04_53_59/4/icu_occupancy.npy,OUTPUTS/31_05_2023_04_53_59/4/positive_diagnoses.npy,LOCAL,84,NONE,0.144668080923061,0.15689135161674966,0.595708076783774,0.06511615874165674,165.57939726027396,248.0,21.195370695097147,15.0
35,31_05_2023_04_53_59,5,OUTPUTS/31_05_2023_04_53_59/5/crit_evol_markers.npy,OUTPUTS/31_05_2023_04_53_59/5/crit_reversals.npy,OUTPUTS/31_05_2023_04_53_59/5/deaths.npy,OUTPUTS/31_05_2023_04_53_59/5/icu_occupancy.npy,OUTPUTS/31_05_2023_04_53_59/5/positive_diagnoses.npy,LOCAL,84,NONE,0.14516399468613364,0.15709181252268095,0.5945984290560149,0.06326338462332168,166.66290410958905,265.0,21.22657231387656,16.0
36,31_05_2023_04_53_59,6,OUTPUTS/31_05_2023_04_53_59/6/crit_evol_markers.npy,OUTPUTS/31_05_2023_04_53_59/6/crit_reversals.npy,OUTPUTS/31_05_2023_04_53_59/6/deaths.npy,OUTPUTS/31_05_2023_04_53_59/6/icu_occupancy.npy,OUTPUTS/31_05_2023_04_53_59/6/positive_diagnoses.npy,LOCAL,84,NONE,0.1446614869494396,0.1569072858825509,0.5919227437849857,0.06448360115315502,165.88043835616438,278.0,21.22467608951708,17.0
37,31_05_2023_04_53_59,7,OUTPUTS/31_05_2023_04_53_59/7/crit_evol_markers.npy,OUTPUTS/31_05_2023_04_53_59/7/crit_reversals.npy,OUTPUTS/31_05_2023_04_53_59/7/deaths.npy,OUTPUTS/31_05_2023_04_53_59/7/icu_occupancy.npy,OUTPUTS/31_05_2023_04_53_59/7/positive_diagnoses.npy,LOCAL,84,NONE,0.1450402457518373,0.15729547371380376,0.5919560342704566,0.06452281888763593,165.45227397260274,252.0,21.222265954456002,16.0
38,31_05_2023_04_53_59,8,OUTPUTS/31_05_2023_04_53_59/8/crit_evol_markers.npy,OUTPUTS/31_05_2023_04_53_59/8/crit_reversals.npy,OUTPUTS/31_05_2023_04_53_59/8/deaths.npy,OUTPUTS/31_05_2023_04_53_59/8/icu_occupancy.npy,OUTPUTS/31_05_2023_04_53_59/8/positive_diagnoses.npy,LOCAL,84,NONE,0.142040837385685,0.15381606883450666,0.5937673326711984,0.06422278690004772,166.69205479452054,268.0,21.246298469102694,16.0
39,31_05_2023_04_53_59,9,OUTPUTS/31_05_2023_04_53_59/9/crit_evol_markers.npy,OUTPUTS/31_05_2023_04_53_59/9/crit_reversals.npy,OUTPUTS/31_05_2023_04_53_59/9/deaths.npy,OUTPUTS/31_05_2023_04_53_59/9/icu_occupancy.npy,OUTPUTS/31_05_2023_04_53_59/9/positive_diagnoses.npy,LOCAL,84,NONE,0.14295451330392622,0.15485776378479285,0.5936033127998045,0.06363250556205713,167.1145205479452,264.0,21.243765846591067,17.0
40,31_05_2023_05_59_51,1,OUTPUTS/31_05_2023_05_59_51/1/crit_evol_markers.npy,OUTPUTS/31_05_2023_05_59_51/1/crit_reversals.npy,OUTPUTS/31_05_2023_05_59_51/1/deaths.npy,OUTPUTS/31_05_2023_05_59_51/1/icu_occupancy.npy,OUTPUTS/31_05_2023_05_59_51/1/positive_diagnoses.npy,LOCAL,112,NONE,0.15577153859341414,0.16688801605018508,0.4813857495153569,0.05116775903678012,170.54553424657533,265.0,21.98745372855972,15.0
41,31_05_2023_05_59_51,10,OUTPUTS/31_05_2023_05_59_51/10/crit_evol_markers.npy,OUTPUTS/31_05_2023_05_59_51/10/crit_reversals.npy,OUTPUTS/31_05_2023_05_59_51/10/deaths.npy,OUTPUTS/31_05_2023_05_59_51/10/icu_occupancy.npy,OUTPUTS/31_05_2023_05_59_51/10/positive_diagnoses.npy,LOCAL,112,NONE,0.1548454178128167,0.16568788992634528,0.47753984653654297,0.0484870819568565,171.09994520547946,266.0,21.987789936203473,14.0
42,31_05_2023_05_59_51,2,OUTPUTS/31_05_2023_05_59_51/2/crit_evol_markers.npy,OUTPUTS/31_05_2023_05_59_51/2/crit_reversals.npy,OUTPUTS/31_05_2023_05_59_51/2/deaths.npy,OUTPUTS/31_05_2023_05_59_51/2/icu_occupancy.npy,OUTPUTS/31_05_2023_05_59_51/2/positive_diagnoses.npy,LOCAL,112,NONE,0.1559860641891892,0.1668925787868519,0.47740709459459457,0.04918443834459459,170.6001095890411,273.0,21.98020445046877,14.0
43,31_05_2023_05_59_51,3,OUTPUTS/31_05_2023_05_59_51/3/crit_evol_markers.npy,OUTPUTS/31_05_2023_05_59_51/3/crit_reversals.npy,OUTPUTS/31_05_2023_05_59_51/3/deaths.npy,OUTPUTS/31_05_2023_05_59_51/3/icu_occupancy.npy,OUTPUTS/31_05_2023_05_59_51/3/positive_diagnoses.npy,LOCAL,112,NONE,0.1554000632511069,0.16669964944023521,0.47624130297280204,0.05041640312038794,170.64208219178082,273.0,22.01047438652041,16.0
44,31_05_2023_05_59_51,4,OUTPUTS/31_05_2023_05_59_51/4/crit_evol_markers.npy,OUTPUTS/31_05_2023_05_59_51/4/crit_reversals.npy,OUTPUTS/31_05_2023_05_59_51/4/deaths.npy,OUTPUTS/31_05_2023_05_59_51/4/icu_occupancy.npy,OUTPUTS/31_05_2023_05_59_51/4/positive_diagnoses.npy,LOCAL,112,NONE,0.15539401601348504,0.16611295681063123,0.4786267383059418,0.049107142857142856,171.32054794520548,274.0,22.007151303564388,13.0
45,31_05_2023_05_59_51,5,OUTPUTS/31_05_2023_05_59_51/5/crit_evol_markers.npy,OUTPUTS/31_05_2023_05_59_51/5/crit_reversals.npy,OUTPUTS/31_05_2023_05_59_51/5/deaths.npy,OUTPUTS/31_05_2023_05_59_51/5/icu_occupancy.npy,OUTPUTS/31_05_2023_05_59_51/5/positive_diagnoses.npy,LOCAL,112,NONE,0.15339399096681286,0.16413122653667284,0.47765922628788376,0.049289782025266744,172.44821917808218,285.0,22.04278029920995,15.0
46,31_05_2023_05_59_51,6,OUTPUTS/31_05_2023_05_59_51/6/crit_evol_markers.npy,OUTPUTS/31_05_2023_05_59_51/6/crit_reversals.npy,OUTPUTS/31_05_2023_05_59_51/6/deaths.npy,OUTPUTS/31_05_2023_05_59_51/6/icu_occupancy.npy,OUTPUTS/31_05_2023_05_59_51/6/positive_diagnoses.npy,LOCAL,112,NONE,0.15277759455430523,0.16362197827039093,0.47922905425906626,0.04944395340553804,170.74838356164383,273.0,22.013294903855662,14.0
47,31_05_2023_05_59_51,7,OUTPUTS/31_05_2023_05_59_51/7/crit_evol_markers.npy,OUTPUTS/31_05_2023_05_59_51/7/crit_reversals.npy,OUTPUTS/31_05_2023_05_59_51/7/deaths.npy,OUTPUTS/31_05_2023_05_59_51/7/icu_occupancy.npy,OUTPUTS/31_05_2023_05_59_51/7/positive_diagnoses.npy,LOCAL,112,NONE,0.1546709714675696,0.16573614412083199,0.47976218599889753,0.05050266425177836,171.31967123287671,262.0,21.985064761556526,15.0
48,31_05_2023_05_59_51,8,OUTPUTS/31_05_2023_05_59_51/8/crit_evol_markers.npy,OUTPUTS/31_05_2023_05_59_51/8/crit_reversals.npy,OUTPUTS/31_05_2023_05_59_51/8/deaths.npy,OUTPUTS/31_05_2023_05_59_51/8/icu_occupancy.npy,OUTPUTS/31_05_2023_05_59_51/8/positive_diagnoses.npy,LOCAL,112,NONE,0.15495121662967973,0.16556523691262925,0.4773416674326684,0.049151051173295865,171.8454794520548,272.0,22.001795961891933,13.0
49,31_05_2023_05_59_51,9,OUTPUTS/31_05_2023_05_59_51/9/crit_evol_markers.npy,OUTPUTS/31_05_2023_05_59_51/9/crit_reversals.npy,OUTPUTS/31_05_2023_05_59_51/9/deaths.npy,OUTPUTS/31_05_2023_05_59_51/9/icu_occupancy.npy,OUTPUTS/31_05_2023_05_59_51/9/positive_diagnoses.npy,LOCAL,112,NONE,0.15684819902764716,0.16815076761393494,0.4796984911309232,0.049690675215600034,169.5148493150685,270.0,21.967861048385952,17.0
50,31_05_2023_07_05_20,1,OUTPUTS/31_05_2023_07_05_20/1/crit_evol_markers.npy,OUTPUTS/31_05_2023_07_05_20/1/crit_reversals.npy,OUTPUTS/31_05_2023_07_05_20/1/deaths.npy,OUTPUTS/31_05_2023_07_05_20/1/icu_occupancy.npy,OUTPUTS/31_05_2023_07_05_20/1/positive_diagnoses.npy,LOCAL,140,NONE,0.16217227963688383,0.17185441253559638,0.39190074468227337,0.038878564648314774,174.02180821917807,277.0,22.497612739611522,13.0
51,31_05_2023_07_05_20,10,OUTPUTS/31_05_2023_07_05_20/10/crit_evol_markers.npy,OUTPUTS/31_05_2023_07_05_20/10/crit_reversals.npy,OUTPUTS/31_05_2023_07_05_20/10/deaths.npy,OUTPUTS/31_05_2023_07_05_20/10/icu_occupancy.npy,OUTPUTS/31_05_2023_07_05_20/10/positive_diagnoses.npy,LOCAL,140,NONE,0.1633605757012346,0.17329795385532254,0.39109963751153676,0.038870534102005055,173.78761643835617,281.0,22.50208587564208,13.0
52,31_05_2023_07_05_20,2,OUTPUTS/31_05_2023_07_05_20/2/crit_evol_markers.npy,OUTPUTS/31_05_2023_07_05_20/2/crit_reversals.npy,OUTPUTS/31_05_2023_07_05_20/2/deaths.npy,OUTPUTS/31_05_2023_07_05_20/2/icu_occupancy.npy,OUTPUTS/31_05_2023_07_05_20/2/positive_diagnoses.npy,LOCAL,140,NONE,0.16387959866220736,0.1740650221666477,0.3896989966555184,0.04001337792642141,173.54005479452056,287.0,22.50132147322951,13.0
53,31_05_2023_07_05_20,3,OUTPUTS/31_05_2023_07_05_20/3/crit_evol_markers.npy,OUTPUTS/31_05_2023_07_05_20/3/crit_reversals.npy,OUTPUTS/31_05_2023_07_05_20/3/deaths.npy,OUTPUTS/31_05_2023_07_05_20/3/icu_occupancy.npy,OUTPUTS/31_05_2023_07_05_20/3/positive_diagnoses.npy,LOCAL,140,NONE,0.1649734302426749,0.1750138449086236,0.3903947315584468,0.04089199427110522,173.33435616438356,295.0,22.459650966303624,13.0
54,31_05_2023_07_05_20,4,OUTPUTS/31_05_2023_07_05_20/4/crit_evol_markers.npy,OUTPUTS/31_05_2023_07_05_20/4/crit_reversals.npy,OUTPUTS/31_05_2023_07_05_20/4/deaths.npy,OUTPUTS/31_05_2023_07_05_20/4/icu_occupancy.npy,OUTPUTS/31_05_2023_07_05_20/4/positive_diagnoses.npy,LOCAL,140,NONE,0.1629763096429763,0.17308537328665183,0.3925392058725392,0.03974641307974641,173.8003287671233,288.0,22.479808360146848,13.0
55,31_05_2023_07_05_20,5,OUTPUTS/31_05_2023_07_05_20/5/crit_evol_markers.npy,OUTPUTS/31_05_2023_07_05_20/5/crit_reversals.npy,OUTPUTS/31_05_2023_07_05_20/5/deaths.npy,OUTPUTS/31_05_2023_07_05_20/5/icu_occupancy.npy,OUTPUTS/31_05_2023_07_05_20/5/positive_diagnoses.npy,LOCAL,140,NONE,0.1640254838450625,0.17405692534939213,0.39078352116069276,0.039363439248333645,173.53983561643835,294.0,22.4910663560959,15.0
56,31_05_2023_07_05_20,6,OUTPUTS/31_05_2023_07_05_20/6/crit_evol_markers.npy,OUTPUTS/31_05_2023_07_05_20/6/crit_reversals.npy,OUTPUTS/31_05_2023_07_05_20/6/deaths.npy,OUTPUTS/31_05_2023_07_05_20/6/icu_occupancy.npy,OUTPUTS/31_05_2023_07_05_20/6/positive_diagnoses.npy,LOCAL,140,NONE,0.16316540621290332,0.17295348508412273,0.39118082509703495,0.038227095087564854,174.13523287671234,283.0,22.465488477308075,12.0
57,31_05_2023_07_05_20,7,OUTPUTS/31_05_2023_07_05_20/7/crit_evol_markers.npy,OUTPUTS/31_05_2023_07_05_20/7/crit_reversals.npy,OUTPUTS/31_05_2023_07_05_20/7/deaths.npy,OUTPUTS/31_05_2023_07_05_20/7/icu_occupancy.npy,OUTPUTS/31_05_2023_07_05_20/7/positive_diagnoses.npy,LOCAL,140,NONE,0.16502585454301255,0.1750983298181611,0.391095292458532,0.03950036935061447,172.5357808219178,283.0,22.436142620988427,12.0
58,31_05_2023_07_05_20,8,OUTPUTS/31_05_2023_07_05_20/8/crit_evol_markers.npy,OUTPUTS/31_05_2023_07_05_20/8/crit_reversals.npy,OUTPUTS/31_05_2023_07_05_20/8/deaths.npy,OUTPUTS/31_05_2023_07_05_20/8/icu_occupancy.npy,OUTPUTS/31_05_2023_07_05_20/8/positive_diagnoses.npy,LOCAL,140,NONE,0.16338062034142822,0.17330008359663912,0.3895968582191232,0.03893831316288638,174.0534794520548,275.0,22.50362015954206,14.0
59,31_05_2023_07_05_20,9,OUTPUTS/31_05_2023_07_05_20/9/crit_evol_markers.npy,OUTPUTS/31_05_2023_07_05_20/9/crit_reversals.npy,OUTPUTS/31_05_2023_07_05_20/9/deaths.npy,OUTPUTS/31_05_2023_07_05_20/9/icu_occupancy.npy,OUTPUTS/31_05_2023_07_05_20/9/positive_diagnoses.npy,LOCAL,140,NONE,0.16586632231682874,0.17582558603775736,0.3944823318940586,0.03844343112330684,172.32098630136986,270.0,22.420991843951406,14.0
60,31_05_2023_08_10_41,1,OUTPUTS/31_05_2023_08_10_41/1/crit_evol_markers.npy,OUTPUTS/31_05_2023_08_10_41/1/crit_reversals.npy,OUTPUTS/31_05_2023_08_10_41/1/deaths.npy,OUTPUTS/31_05_2023_08_10_41/1/icu_occupancy.npy,OUTPUTS/31_05_2023_08_10_41/1/positive_diagnoses.npy,LOCAL,168,NONE,0.16781085200221194,0.1771002362854784,0.3279473449954817,0.033057739773141095,175.6775890410959,281.0,22.81803171349674,12.0
61,31_05_2023_08_10_41,10,OUTPUTS/31_05_2023_08_10_41/10/crit_evol_markers.npy,OUTPUTS/31_05_2023_08_10_41/10/crit_reversals.npy,OUTPUTS/31_05_2023_08_10_41/10/deaths.npy,OUTPUTS/31_05_2023_08_10_41/10/icu_occupancy.npy,OUTPUTS/31_05_2023_08_10_41/10/positive_diagnoses.npy,LOCAL,168,NONE,0.1664237480778231,0.17556778106926224,0.32995921642040515,0.03310824363174433,177.56438356164384,286.0,22.856185639723517,12.0
62,31_05_2023_08_10_41,2,OUTPUTS/31_05_2023_08_10_41/2/crit_evol_markers.npy,OUTPUTS/31_05_2023_08_10_41/2/crit_reversals.npy,OUTPUTS/31_05_2023_08_10_41/2/deaths.npy,OUTPUTS/31_05_2023_08_10_41/2/icu_occupancy.npy,OUTPUTS/31_05_2023_08_10_41/2/positive_diagnoses.npy,LOCAL,168,NONE,0.16964297820987403,0.17913802978235968,0.3286959823184043,0.033356384493349066,174.68931506849316,282.0,22.824169530355096,11.0
63,31_05_2023_08_10_41,3,OUTPUTS/31_05_2023_08_10_41/3/crit_evol_markers.npy,OUTPUTS/31_05_2023_08_10_41/3/crit_reversals.npy,OUTPUTS/31_05_2023_08_10_41/3/deaths.npy,OUTPUTS/31_05_2023_08_10_41/3/icu_occupancy.npy,OUTPUTS/31_05_2023_08_10_41/3/positive_diagnoses.npy,LOCAL,168,NONE,0.16833726812816188,0.1776455346592446,0.3229814502529511,0.03313322091062395,175.9603287671233,299.0,22.85898549280335,10.0
64,31_05_2023_08_10_41,4,OUTPUTS/31_05_2023_08_10_41/4/crit_evol_markers.npy,OUTPUTS/31_05_2023_08_10_41/4/crit_reversals.npy,OUTPUTS/31_05_2023_08_10_41/4/deaths.npy,OUTPUTS/31_05_2023_08_10_41/4/icu_occupancy.npy,OUTPUTS/31_05_2023_08_10_41/4/positive_diagnoses.npy,LOCAL,168,NONE,0.16979649351001275,0.17901578458681522,0.3268839931712869,0.03300544671164946,174.9970410958904,290.0,22.810484965359617,11.0
65,31_05_2023_08_10_41,5,OUTPUTS/31_05_2023_08_10_41/5/crit_evol_markers.npy,OUTPUTS/31_05_2023_08_10_41/5/crit_reversals.npy,OUTPUTS/31_05_2023_08_10_41/5/deaths.npy,OUTPUTS/31_05_2023_08_10_41/5/icu_occupancy.npy,OUTPUTS/31_05_2023_08_10_41/5/positive_diagnoses.npy,LOCAL,168,NONE,0.1684027777777778,0.17762289380669155,0.3302379414298019,0.03291881998277347,176.1114520547945,283.0,22.811716609649807,11.0
66,31_05_2023_08_10_41,6,OUTPUTS/31_05_2023_08_10_41/6/crit_evol_markers.npy,OUTPUTS/31_05_2023_08_10_41/6/crit_reversals.npy,OUTPUTS/31_05_2023_08_10_41/6/deaths.npy,OUTPUTS/31_05_2023_08_10_41/6/icu_occupancy.npy,OUTPUTS/31_05_2023_08_10_41/6/positive_diagnoses.npy,LOCAL,168,NONE,0.16895874263261296,0.17829908692009486,0.3259278197916947,0.03292784670452405,176.15550684931506,303.0,22.825847403473396,12.0
67,31_05_2023_08_10_41,7,OUTPUTS/31_05_2023_08_10_41/7/crit_evol_markers.npy,OUTPUTS/31_05_2023_08_10_41/7/crit_reversals.npy,OUTPUTS/31_05_2023_08_10_41/7/deaths.npy,OUTPUTS/31_05_2023_08_10_41/7/icu_occupancy.npy,OUTPUTS/31_05_2023_08_10_41/7/positive_diagnoses.npy,LOCAL,168,NONE,0.16921829606107697,0.17826334519572953,0.3298290656036754,0.03309235862441727,175.51605479452056,286.0,22.798348754448398,13.0
68,31_05_2023_08_10_41,8,OUTPUTS/31_05_2023_08_10_41/8/crit_evol_markers.npy,OUTPUTS/31_05_2023_08_10_41/8/crit_reversals.npy,OUTPUTS/31_05_2023_08_10_41/8/deaths.npy,OUTPUTS/31_05_2023_08_10_41/8/icu_occupancy.npy,OUTPUTS/31_05_2023_08_10_41/8/positive_diagnoses.npy,LOCAL,168,NONE,0.16994587280108253,0.17936816247250706,0.32660351826792966,0.032774018944519624,175.26487671232877,306.0,22.841155131537604,12.0
69,31_05_2023_08_10_41,9,OUTPUTS/31_05_2023_08_10_41/9/crit_evol_markers.npy,OUTPUTS/31_05_2023_08_10_41/9/crit_reversals.npy,OUTPUTS/31_05_2023_08_10_41/9/deaths.npy,OUTPUTS/31_05_2023_08_10_41/9/icu_occupancy.npy,OUTPUTS/31_05_2023_08_10_41/9/positive_diagnoses.npy,LOCAL,168,NONE,0.16781267173321537,0.1770962996492022,0.3303711447987454,0.03298618092136127,176.87824657534247,282.0,22.830344008147563,12.0
70,31_05_2023_09_15_34,1,OUTPUTS/31_05_2023_09_15_34/1/crit_evol_markers.npy,OUTPUTS/31_05_2023_09_15_34/1/crit_reversals.npy,OUTPUTS/31_05_2023_09_15_34/1/deaths.npy,OUTPUTS/31_05_2023_09_15_34/1/icu_occupancy.npy,OUTPUTS/31_05_2023_09_15_34/1/positive_diagnoses.npy,LOCAL,196,NONE,0.17272998967559636,0.18143809129696487,0.2802260501005271,0.028623050589577786,177.12942465753426,283.0,23.064056279341887,10.0
71,31_05_2023_09_15_34,10,OUTPUTS/31_05_2023_09_15_34/10/crit_evol_markers.npy,OUTPUTS/31_05_2023_09_15_34/10/crit_reversals.npy,OUTPUTS/31_05_2023_09_15_34/10/deaths.npy,OUTPUTS/31_05_2023_09_15_34/10/icu_occupancy.npy,OUTPUTS/31_05_2023_09_15_34/10/positive_diagnoses.npy,LOCAL,196,NONE,0.17089753987564207,0.17942495458673932,0.28236009732360096,0.02849418761827521,178.31134246575343,288.0,23.091096162579472,11.0
72,31_05_2023_09_15_34,2,OUTPUTS/31_05_2023_09_15_34/2/crit_evol_markers.npy,OUTPUTS/31_05_2023_09_15_34/2/crit_reversals.npy,OUTPUTS/31_05_2023_09_15_34/2/deaths.npy,OUTPUTS/31_05_2023_09_15_34/2/icu_occupancy.npy,OUTPUTS/31_05_2023_09_15_34/2/positive_diagnoses.npy,LOCAL,196,NONE,0.17189712605699334,0.18063802950638455,0.2822155389823194,0.02872594370793942,178.5628493150685,291.0,23.091877949575544,10.0
73,31_05_2023_09_15_34,3,OUTPUTS/31_05_2023_09_15_34/3/crit_evol_markers.npy,OUTPUTS/31_05_2023_09_15_34/3/crit_reversals.npy,OUTPUTS/31_05_2023_09_15_34/3/deaths.npy,OUTPUTS/31_05_2023_09_15_34/3/icu_occupancy.npy,OUTPUTS/31_05_2023_09_15_34/3/positive_diagnoses.npy,LOCAL,196,NONE,0.17254058176271925,0.18105690359827376,0.2836774158405055,0.027467589061989324,176.8181917808219,284.0,23.056760696218813,11.0
74,31_05_2023_09_15_34,4,OUTPUTS/31_05_2023_09_15_34/4/crit_evol_markers.npy,OUTPUTS/31_05_2023_09_15_34/4/crit_reversals.npy,OUTPUTS/31_05_2023_09_15_34/4/deaths.npy,OUTPUTS/31_05_2023_09_15_34/4/icu_occupancy.npy,OUTPUTS/31_05_2023_09_15_34/4/positive_diagnoses.npy,LOCAL,196,NONE,0.17570960698689955,0.18450427730092997,0.27835698689956334,0.02763373362445415,176.0586301369863,292.0,23.020548239643485,10.0
75,31_05_2023_09_15_34,5,OUTPUTS/31_05_2023_09_15_34/5/crit_evol_markers.npy,OUTPUTS/31_05_2023_09_15_34/5/crit_reversals.npy,OUTPUTS/31_05_2023_09_15_34/5/deaths.npy,OUTPUTS/31_05_2023_09_15_34/5/icu_occupancy.npy,OUTPUTS/31_05_2023_09_15_34/5/positive_diagnoses.npy,LOCAL,196,NONE,0.17171307743234296,0.18049736546846373,0.2832880710145515,0.028630105522002892,177.9675616438356,287.0,23.063924670861088,12.0
76,31_05_2023_09_15_34,6,OUTPUTS/31_05_2023_09_15_34/6/crit_evol_markers.npy,OUTPUTS/31_05_2023_09_15_34/6/crit_reversals.npy,OUTPUTS/31_05_2023_09_15_34/6/deaths.npy,OUTPUTS/31_05_2023_09_15_34/6/icu_occupancy.npy,OUTPUTS/31_05_2023_09_15_34/6/positive_diagnoses.npy,LOCAL,196,NONE,0.17351418737635166,0.18246199005400476,0.2818775576573891,0.029079378844955147,177.2505205479452,305.0,23.046937117941265,10.0
77,31_05_2023_09_15_34,7,OUTPUTS/31_05_2023_09_15_34/7/crit_evol_markers.npy,OUTPUTS/31_05_2023_09_15_34/7/crit_reversals.npy,OUTPUTS/31_05_2023_09_15_34/7/deaths.npy,OUTPUTS/31_05_2023_09_15_34/7/icu_occupancy.npy,OUTPUTS/31_05_2023_09_15_34/7/positive_diagnoses.npy,LOCAL,196,NONE,0.16978199462082202,0.17825266414087665,0.2800145967643839,0.027882523077754802,178.62586301369862,290.0,23.128872050288763,12.0
78,31_05_2023_09_15_34,8,OUTPUTS/31_05_2023_09_15_34/8/crit_evol_markers.npy,OUTPUTS/31_05_2023_09_15_34/8/crit_reversals.npy,OUTPUTS/31_05_2023_09_15_34/8/deaths.npy,OUTPUTS/31_05_2023_09_15_34/8/icu_occupancy.npy,OUTPUTS/31_05_2023_09_15_34/8/positive_diagnoses.npy,LOCAL,196,NONE,0.17172045193153374,0.18033648790746581,0.27964278465597725,0.02768418916176172,178.1282191780822,293.0,23.09688237133032,10.0
79,31_05_2023_09_15_34,9,OUTPUTS/31_05_2023_09_15_34/9/crit_evol_markers.npy,OUTPUTS/31_05_2023_09_15_34/9/crit_reversals.npy,OUTPUTS/31_05_2023_09_15_34/9/deaths.npy,OUTPUTS/31_05_2023_09_15_34/9/icu_occupancy.npy,OUTPUTS/31_05_2023_09_15_34/9/positive_diagnoses.npy,LOCAL,196,NONE,0.1734965262700825,0.18235755544462667,0.28183347807207987,0.027857685627442466,177.2611506849315,300.0,23.06935748413321,11.0
80,31_05_2023_10_20_19,1,OUTPUTS/31_05_2023_10_20_19/1/crit_evol_markers.npy,OUTPUTS/31_05_2023_10_20_19/1/crit_reversals.npy,OUTPUTS/31_05_2023_10_20_19/1/deaths.npy,OUTPUTS/31_05_2023_10_20_19/1/icu_occupancy.npy,OUTPUTS/31_05_2023_10_20_19/1/positive_diagnoses.npy,LOCAL,224,NONE,0.17702734123890415,0.18527054108216434,0.24635837675926306,0.02429116572976078,178.0346301369863,293.0,23.254594904093903,9.0
81,31_05_2023_10_20_19,10,OUTPUTS/31_05_2023_10_20_19/10/crit_evol_markers.npy,OUTPUTS/31_05_2023_10_20_19/10/crit_reversals.npy,OUTPUTS/31_05_2023_10_20_19/10/deaths.npy,OUTPUTS/31_05_2023_10_20_19/10/icu_occupancy.npy,OUTPUTS/31_05_2023_10_20_19/10/positive_diagnoses.npy,LOCAL,224,NONE,0.17416557591623036,0.18220719756942957,0.2440963132635253,0.023628381326352532,179.09150684931507,290.0,23.310225797709215,10.0
82,31_05_2023_10_20_19,2,OUTPUTS/31_05_2023_10_20_19/2/crit_evol_markers.npy,OUTPUTS/31_05_2023_10_20_19/2/crit_reversals.npy,OUTPUTS/31_05_2023_10_20_19/2/deaths.npy,OUTPUTS/31_05_2023_10_20_19/2/icu_occupancy.npy,OUTPUTS/31_05_2023_10_20_19/2/positive_diagnoses.npy,LOCAL,224,NONE,0.17795131790552512,0.18642736800022844,0.24571374056205195,0.025322321258211357,178.24087671232877,294.0,23.222365001856137,9.0
83,31_05_2023_10_20_19,3,OUTPUTS/31_05_2023_10_20_19/3/crit_evol_markers.npy,OUTPUTS/31_05_2023_10_20_19/3/crit_reversals.npy,OUTPUTS/31_05_2023_10_20_19/3/deaths.npy,OUTPUTS/31_05_2023_10_20_19/3/icu_occupancy.npy,OUTPUTS/31_05_2023_10_20_19/3/positive_diagnoses.npy,LOCAL,224,NONE,0.1764210068382343,0.18469442942130881,0.24890900933969576,0.02463395733920633,178.7415890410959,303.0,23.21335857220119,10.0
84,31_05_2023_10_20_19,4,OUTPUTS/31_05_2023_10_20_19/4/crit_evol_markers.npy,OUTPUTS/31_05_2023_10_20_19/4/crit_reversals.npy,OUTPUTS/31_05_2023_10_20_19/4/deaths.npy,OUTPUTS/31_05_2023_10_20_19/4/icu_occupancy.npy,OUTPUTS/31_05_2023_10_20_19/4/positive_diagnoses.npy,LOCAL,224,NONE,0.17641681901279707,0.18476552453347814,0.2447542907037027,0.024434500259215803,178.38169863013698,335.0,23.257980167462065,10.0
85,31_05_2023_10_20_19,5,OUTPUTS/31_05_2023_10_20_19/5/crit_evol_markers.npy,OUTPUTS/31_05_2023_10_20_19/5/crit_reversals.npy,OUTPUTS/31_05_2023_10_20_19/5/deaths.npy,OUTPUTS/31_05_2023_10_20_19/5/icu_occupancy.npy,OUTPUTS/31_05_2023_10_20_19/5/positive_diagnoses.npy,LOCAL,224,NONE,0.17881875402822156,0.18729442856527298,0.24449076423076396,0.024258464407662876,176.92230136986302,294.0,23.18796949284001,9.0
86,31_05_2023_10_20_19,6,OUTPUTS/31_05_2023_10_20_19/6/crit_evol_markers.npy,OUTPUTS/31_05_2023_10_20_19/6/crit_reversals.npy,OUTPUTS/31_05_2023_10_20_19/6/deaths.npy,OUTPUTS/31_05_2023_10_20_19/6/icu_occupancy.npy,OUTPUTS/31_05_2023_10_20_19/6/positive_diagnoses.npy,LOCAL,224,NONE,0.17604328508736064,0.1846551921317475,0.24797612233216126,0.025608526180936026,178.38180821917808,295.0,23.269298947849954,9.0
87,31_05_2023_10_20_19,7,OUTPUTS/31_05_2023_10_20_19/7/crit_evol_markers.npy,OUTPUTS/31_05_2023_10_20_19/7/crit_reversals.npy,OUTPUTS/31_05_2023_10_20_19/7/deaths.npy,OUTPUTS/31_05_2023_10_20_19/7/icu_occupancy.npy,OUTPUTS/31_05_2023_10_20_19/7/positive_diagnoses.npy,LOCAL,224,NONE,0.17718045677310143,0.18546462611280204,0.24730727751764434,0.02526858968233383,177.92241095890412,291.0,23.1997542190023,9.0
88,31_05_2023_10_20_19,8,OUTPUTS/31_05_2023_10_20_19/8/crit_evol_markers.npy,OUTPUTS/31_05_2023_10_20_19/8/crit_reversals.npy,OUTPUTS/31_05_2023_10_20_19/8/deaths.npy,OUTPUTS/31_05_2023_10_20_19/8/icu_occupancy.npy,OUTPUTS/31_05_2023_10_20_19/8/positive_diagnoses.npy,LOCAL,224,NONE,0.17798248139161904,0.18636963885858643,0.24479445106989622,0.025373195706707243,177.27671232876713,304.0,23.219412068668543,9.0
89,31_05_2023_10_20_19,9,OUTPUTS/31_05_2023_10_20_19/9/crit_evol_markers.npy,OUTPUTS/31_05_2023_10_20_19/9/crit_reversals.npy,OUTPUTS/31_05_2023_10_20_19/9/deaths.npy,OUTPUTS/31_05_2023_10_20_19/9/icu_occupancy.npy,OUTPUTS/31_05_2023_10_20_19/9/positive_diagnoses.npy,LOCAL,224,NONE,0.17683343819241185,0.1853806116742899,0.24870749788002297,0.0250567606751101,177.24668493150685,297.0,23.190513743314742,10.0
90,31_05_2023_11_25_04,1,OUTPUTS/31_05_2023_11_25_04/1/crit_evol_markers.npy,OUTPUTS/31_05_2023_11_25_04/1/crit_reversals.npy,OUTPUTS/31_05_2023_11_25_04/1/deaths.npy,OUTPUTS/31_05_2023_11_25_04/1/icu_occupancy.npy,OUTPUTS/31_05_2023_11_25_04/1/positive_diagnoses.npy,LOCAL,252,NONE,0.1766871667598489,0.18466471887693295,0.22063736653348423,0.022186464483929472,180.02827397260273,299.0,23.41278415164256,8.0
91,31_05_2023_11_25_04,10,OUTPUTS/31_05_2023_11_25_04/10/crit_evol_markers.npy,OUTPUTS/31_05_2023_11_25_04/10/crit_reversals.npy,OUTPUTS/31_05_2023_11_25_04/10/deaths.npy,OUTPUTS/31_05_2023_11_25_04/10/icu_occupancy.npy,OUTPUTS/31_05_2023_11_25_04/10/positive_diagnoses.npy,LOCAL,252,NONE,0.17829414755472497,0.18636885952312554,0.222884861143556,0.023195415882264026,178.13808219178082,302.0,23.348319448434356,9.0
92,31_05_2023_11_25_04,2,OUTPUTS/31_05_2023_11_25_04/2/crit_evol_markers.npy,OUTPUTS/31_05_2023_11_25_04/2/crit_reversals.npy,OUTPUTS/31_05_2023_11_25_04/2/deaths.npy,OUTPUTS/31_05_2023_11_25_04/2/icu_occupancy.npy,OUTPUTS/31_05_2023_11_25_04/2/positive_diagnoses.npy,LOCAL,252,NONE,0.17822094730918622,0.18623963741717106,0.22214139639577815,0.022221002209747594,178.55101369863013,300.0,23.368205157626,9.0
93,31_05_2023_11_25_04,3,OUTPUTS/31_05_2023_11_25_04/3/crit_evol_markers.npy,OUTPUTS/31_05_2023_11_25_04/3/crit_reversals.npy,OUTPUTS/31_05_2023_11_25_04/3/deaths.npy,OUTPUTS/31_05_2023_11_25_04/3/icu_occupancy.npy,OUTPUTS/31_05_2023_11_25_04/3/positive_diagnoses.npy,LOCAL,252,NONE,0.17942482410000682,0.18760088565102492,0.22013798756745678,0.022378577771705717,179.06772602739727,302.0,23.341089922148416,9.0
94,31_05_2023_11_25_04,4,OUTPUTS/31_05_2023_11_25_04/4/crit_evol_markers.npy,OUTPUTS/31_05_2023_11_25_04/4/crit_reversals.npy,OUTPUTS/31_05_2023_11_25_04/4/deaths.npy,OUTPUTS/31_05_2023_11_25_04/4/icu_occupancy.npy,OUTPUTS/31_05_2023_11_25_04/4/positive_diagnoses.npy,LOCAL,252,NONE,0.17733990147783252,0.18519679653432897,0.22164758538815277,0.02235170503390964,179.8745205479452,308.0,23.389788240658934,9.0
95,31_05_2023_11_25_04,5,OUTPUTS/31_05_2023_11_25_04/5/crit_evol_markers.npy,OUTPUTS/31_05_2023_11_25_04/5/crit_reversals.npy,OUTPUTS/31_05_2023_11_25_04/5/deaths.npy,OUTPUTS/31_05_2023_11_25_04/5/icu_occupancy.npy,OUTPUTS/31_05_2023_11_25_04/5/positive_diagnoses.npy,LOCAL,252,NONE,0.17505737916423342,0.18313300940527946,0.22379911181128026,0.022910923091548626,180.59397260273974,287.0,23.412610462307846,10.0
96,31_05_2023_11_25_04,6,OUTPUTS/31_05_2023_11_25_04/6/crit_evol_markers.npy,OUTPUTS/31_05_2023_11_25_04/6/crit_reversals.npy,OUTPUTS/31_05_2023_11_25_04/6/deaths.npy,OUTPUTS/31_05_2023_11_25_04/6/icu_occupancy.npy,OUTPUTS/31_05_2023_11_25_04/6/positive_diagnoses.npy,LOCAL,252,NONE,0.18101872844442612,0.1890425898289519,0.2221168775849513,0.022342223504678675,177.864,301.0,23.28964814602227,8.0
97,31_05_2023_11_25_04,7,OUTPUTS/31_05_2023_11_25_04/7/crit_evol_markers.npy,OUTPUTS/31_05_2023_11_25_04/7/crit_reversals.npy,OUTPUTS/31_05_2023_11_25_04/7/deaths.npy,OUTPUTS/31_05_2023_11_25_04/7/icu_occupancy.npy,OUTPUTS/31_05_2023_11_25_04/7/positive_diagnoses.npy,LOCAL,252,NONE,0.17747570695490775,0.1854852513265248,0.22275903482912982,0.02178185391418277,179.60131506849316,305.0,23.3762480743995,8.0
98,31_05_2023_11_25_04,8,OUTPUTS/31_05_2023_11_25_04/8/crit_evol_markers.npy,OUTPUTS/31_05_2023_11_25_04/8/crit_reversals.npy,OUTPUTS/31_05_2023_11_25_04/8/deaths.npy,OUTPUTS/31_05_2023_11_25_04/8/icu_occupancy.npy,OUTPUTS/31_05_2023_11_25_04/8/positive_diagnoses.npy,LOCAL,252,NONE,0.17494391951600843,0.1828074611811169,0.22082795187274828,0.02267690843586432,180.79813698630136,309.0,23.437413873932748,9.0
99,31_05_2023_11_25_04,9,OUTPUTS/31_05_2023_11_25_04/9/crit_evol_markers.npy,OUTPUTS/31_05_2023_11_25_04/9/crit_reversals.npy,OUTPUTS/31_05_2023_11_25_04/9/deaths.npy,OUTPUTS/31_05_2023_11_25_04/9/icu_occupancy.npy,OUTPUTS/31_05_2023_11_25_04/9/positive_diagnoses.npy,LOCAL,252,NONE,0.17953166839718018,0.18750624259806228,0.2206677960544292,0.021176020547570906,179.5034520547945,296.0,23.37184481257937,9.0
100,31_05_2023_12_29_54,1,OUTPUTS/31_05_2023_12_29_54/1/crit_evol_markers.npy,OUTPUTS/31_05_2023_12_29_54/1/crit_reversals.npy,OUTPUTS/31_05_2023_12_29_54/1/deaths.npy,OUTPUTS/31_05_2023_12_29_54/1/icu_occupancy.npy,OUTPUTS/31_05_2023_12_29_54/1/positive_diagnoses.npy,LOCAL,280,NONE,0.1813229249993104,0.1891872445749151,0.19802499103522467,0.02032935205362315,178.9838904109589,291.0,23.50238876417429,10.0
101,31_05_2023_12_29_54,10,OUTPUTS/31_05_2023_12_29_54/10/crit_evol_markers.npy,OUTPUTS/31_05_2023_12_29_54/10/crit_reversals.npy,OUTPUTS/31_05_2023_12_29_54/10/deaths.npy,OUTPUTS/31_05_2023_12_29_54/10/icu_occupancy.npy,OUTPUTS/31_05_2023_12_29_54/10/positive_diagnoses.npy,LOCAL,280,NONE,0.18233881651578715,0.19024376196852547,0.1989953632148377,0.01987193640980349,178.49260273972604,308.0,23.451038832015897,8.0
102,31_05_2023_12_29_54,2,OUTPUTS/31_05_2023_12_29_54/2/crit_evol_markers.npy,OUTPUTS/31_05_2023_12_29_54/2/crit_reversals.npy,OUTPUTS/31_05_2023_12_29_54/2/deaths.npy,OUTPUTS/31_05_2023_12_29_54/2/icu_occupancy.npy,OUTPUTS/31_05_2023_12_29_54/2/positive_diagnoses.npy,LOCAL,280,NONE,0.18246354037438314,0.1906195098067452,0.20170650345987373,0.02060761447908913,178.5034520547945,308.0,23.456179257509863,8.0
103,31_05_2023_12_29_54,3,OUTPUTS/31_05_2023_12_29_54/3/crit_evol_markers.npy,OUTPUTS/31_05_2023_12_29_54/3/crit_reversals.npy,OUTPUTS/31_05_2023_12_29_54/3/deaths.npy,OUTPUTS/31_05_2023_12_29_54/3/icu_occupancy.npy,OUTPUTS/31_05_2023_12_29_54/3/positive_diagnoses.npy,LOCAL,280,NONE,0.1821949876067199,0.18998592803193476,0.19676397686587718,0.019498760671991185,178.9334794520548,309.0,23.445162401998793,9.0
104,31_05_2023_12_29_54,4,OUTPUTS/31_05_2023_12_29_54/4/crit_evol_markers.npy,OUTPUTS/31_05_2023_12_29_54/4/crit_reversals.npy,OUTPUTS/31_05_2023_12_29_54/4/deaths.npy,OUTPUTS/31_05_2023_12_29_54/4/icu_occupancy.npy,OUTPUTS/31_05_2023_12_29_54/4/positive_diagnoses.npy,LOCAL,280,NONE,0.18016222161121803,0.1880875493362038,0.19975254330492165,0.021405004124278253,179.41435616438355,296.0,23.49703623968425,8.0
105,31_05_2023_12_29_54,5,OUTPUTS/31_05_2023_12_29_54/5/crit_evol_markers.npy,OUTPUTS/31_05_2023_12_29_54/5/crit_reversals.npy,OUTPUTS/31_05_2023_12_29_54/5/deaths.npy,OUTPUTS/31_05_2023_12_29_54/5/icu_occupancy.npy,OUTPUTS/31_05_2023_12_29_54/5/positive_diagnoses.npy,LOCAL,280,NONE,0.18197906520516374,0.18991781920224493,0.19535483516935784,0.020070514315503548,179.8291506849315,303.0,23.49370042665292,8.0
106,31_05_2023_12_29_54,6,OUTPUTS/31_05_2023_12_29_54/6/crit_evol_markers.npy,OUTPUTS/31_05_2023_12_29_54/6/crit_reversals.npy,OUTPUTS/31_05_2023_12_29_54/6/deaths.npy,OUTPUTS/31_05_2023_12_29_54/6/icu_occupancy.npy,OUTPUTS/31_05_2023_12_29_54/6/positive_diagnoses.npy,LOCAL,280,NONE,0.17979085469616293,0.18774720550300947,0.1996624032497118,0.02143602129878685,179.60756164383562,324.0,23.486944683290343,8.0
107,31_05_2023_12_29_54,7,OUTPUTS/31_05_2023_12_29_54/7/crit_evol_markers.npy,OUTPUTS/31_05_2023_12_29_54/7/crit_reversals.npy,OUTPUTS/31_05_2023_12_29_54/7/deaths.npy,OUTPUTS/31_05_2023_12_29_54/7/icu_occupancy.npy,OUTPUTS/31_05_2023_12_29_54/7/positive_diagnoses.npy,LOCAL,280,NONE,0.17876681337666078,0.18648625454129358,0.19914167797841856,0.020717644961814267,180.016,294.0,23.495237005463856,9.0
108,31_05_2023_12_29_54,8,OUTPUTS/31_05_2023_12_29_54/8/crit_evol_markers.npy,OUTPUTS/31_05_2023_12_29_54/8/crit_reversals.npy,OUTPUTS/31_05_2023_12_29_54/8/deaths.npy,OUTPUTS/31_05_2023_12_29_54/8/icu_occupancy.npy,OUTPUTS/31_05_2023_12_29_54/8/positive_diagnoses.npy,LOCAL,280,NONE,0.17979085469616293,0.18751073452796702,0.19922325300543448,0.01932261074820223,179.82706849315068,305.0,23.486030800938913,8.0
109,31_05_2023_12_29_54,9,OUTPUTS/31_05_2023_12_29_54/9/crit_evol_markers.npy,OUTPUTS/31_05_2023_12_29_54/9/crit_reversals.npy,OUTPUTS/31_05_2023_12_29_54/9/deaths.npy,OUTPUTS/31_05_2023_12_29_54/9/icu_occupancy.npy,OUTPUTS/31_05_2023_12_29_54/9/positive_diagnoses.npy,LOCAL,280,NONE,0.18081236948013332,0.1887996765249538,0.1997178696391774,0.02015019292737909,178.15802739726027,294.0,23.476374768946396,10.0
110,31_05_2023_13_34_44,1,OUTPUTS/31_05_2023_13_34_44/1/crit_evol_markers.npy,OUTPUTS/31_05_2023_13_34_44/1/crit_reversals.npy,OUTPUTS/31_05_2023_13_34_44/1/deaths.npy,OUTPUTS/31_05_2023_13_34_44/1/icu_occupancy.npy,OUTPUTS/31_05_2023_13_34_44/1/positive_diagnoses.npy,REMOTE,NONE,0.5,0.1470768989369353,0.15860795013889475,0.5121539809354446,0.06085489755089766,166.66235616438357,274.0,21.444702962618273,15.0
111,31_05_2023_13_34_44,10,OUTPUTS/31_05_2023_13_34_44/10/crit_evol_markers.npy,OUTPUTS/31_05_2023_13_34_44/10/crit_reversals.npy,OUTPUTS/31_05_2023_13_34_44/10/deaths.npy,OUTPUTS/31_05_2023_13_34_44/10/icu_occupancy.npy,OUTPUTS/31_05_2023_13_34_44/10/positive_diagnoses.npy,REMOTE,NONE,0.5,0.14742895893376456,0.15896339834357467,0.5152906195798177,0.060797329194976595,166.9467397260274,276.0,21.4208838955524,18.0
112,31_05_2023_13_34_44,2,OUTPUTS/31_05_2023_13_34_44/2/crit_evol_markers.npy,OUTPUTS/31_05_2023_13_34_44/2/crit_reversals.npy,OUTPUTS/31_05_2023_13_34_44/2/deaths.npy,OUTPUTS/31_05_2023_13_34_44/2/icu_occupancy.npy,OUTPUTS/31_05_2023_13_34_44/2/positive_diagnoses.npy,REMOTE,NONE,0.5,0.14887901778109727,0.1604167843225843,0.5134635795432211,0.060785932361072895,166.2909589041096,272.0,21.423801321511267,15.0
113,31_05_2023_13_34_44,3,OUTPUTS/31_05_2023_13_34_44/3/crit_evol_markers.npy,OUTPUTS/31_05_2023_13_34_44/3/crit_reversals.npy,OUTPUTS/31_05_2023_13_34_44/3/deaths.npy,OUTPUTS/31_05_2023_13_34_44/3/icu_occupancy.npy,OUTPUTS/31_05_2023_13_34_44/3/positive_diagnoses.npy,REMOTE,NONE,0.5,0.14722139132018053,0.15861228264372487,0.5115943348376273,0.05974691446333121,167.31298630136988,273.0,21.392074990542113,16.0
114,31_05_2023_13_34_44,4,OUTPUTS/31_05_2023_13_34_44/4/crit_evol_markers.npy,OUTPUTS/31_05_2023_13_34_44/4/crit_reversals.npy,OUTPUTS/31_05_2023_13_34_44/4/deaths.npy,OUTPUTS/31_05_2023_13_34_44/4/icu_occupancy.npy,OUTPUTS/31_05_2023_13_34_44/4/positive_diagnoses.npy,REMOTE,NONE,0.5,0.14875268677131506,0.1603521878335112,0.512564319676936,0.06041815931739725,166.94049315068494,277.0,21.3915070493737,16.0
115,31_05_2023_13_34_44,5,OUTPUTS/31_05_2023_13_34_44/5/crit_evol_markers.npy,OUTPUTS/31_05_2023_13_34_44/5/crit_reversals.npy,OUTPUTS/31_05_2023_13_34_44/5/deaths.npy,OUTPUTS/31_05_2023_13_34_44/5/icu_occupancy.npy,OUTPUTS/31_05_2023_13_34_44/5/positive_diagnoses.npy,REMOTE,NONE,0.5,0.14804564087835193,0.15948469846984697,0.510039426616883,0.060119063160918036,167.17654794520547,273.0,21.454292304230425,15.0
116,31_05_2023_13_34_44,6,OUTPUTS/31_05_2023_13_34_44/6/crit_evol_markers.npy,OUTPUTS/31_05_2023_13_34_44/6/crit_reversals.npy,OUTPUTS/31_05_2023_13_34_44/6/deaths.npy,OUTPUTS/31_05_2023_13_34_44/6/icu_occupancy.npy,OUTPUTS/31_05_2023_13_34_44/6/positive_diagnoses.npy,REMOTE,NONE,0.5,0.1487300511108793,0.16035030504090642,0.5161677271304892,0.06172420986752895,166.51539726027397,268.0,21.359231353144594,15.0
117,31_05_2023_13_34_44,7,OUTPUTS/31_05_2023_13_34_44/7/crit_evol_markers.npy,OUTPUTS/31_05_2023_13_34_44/7/crit_reversals.npy,OUTPUTS/31_05_2023_13_34_44/7/deaths.npy,OUTPUTS/31_05_2023_13_34_44/7/icu_occupancy.npy,OUTPUTS/31_05_2023_13_34_44/7/positive_diagnoses.npy,REMOTE,NONE,0.5,0.14675989706532194,0.1581158283857959,0.5098905669205376,0.05990226404304541,168.03934246575344,267.0,21.47080486165565,15.0
118,31_05_2023_13_34_44,8,OUTPUTS/31_05_2023_13_34_44/8/crit_evol_markers.npy,OUTPUTS/31_05_2023_13_34_44/8/crit_reversals.npy,OUTPUTS/31_05_2023_13_34_44/8/deaths.npy,OUTPUTS/31_05_2023_13_34_44/8/icu_occupancy.npy,OUTPUTS/31_05_2023_13_34_44/8/positive_diagnoses.npy,REMOTE,NONE,0.5,0.14754569565842252,0.15921330889609475,0.5155280314610852,0.0618638863847189,166.58882191780822,261.0,21.43131256168053,15.0
119,31_05_2023_13_34_44,9,OUTPUTS/31_05_2023_13_34_44/9/crit_evol_markers.npy,OUTPUTS/31_05_2023_13_34_44/9/crit_reversals.npy,OUTPUTS/31_05_2023_13_34_44/9/deaths.npy,OUTPUTS/31_05_2023_13_34_44/9/icu_occupancy.npy,OUTPUTS/31_05_2023_13_34_44/9/positive_diagnoses.npy,REMOTE,NONE,0.5,0.147893401679002,0.15948221159947545,0.5131547977090253,0.06206030807856265,166.59386301369864,260.0,21.435889843055968,14.0
120,31_05_2023_14_34_23,1,OUTPUTS/31_05_2023_14_34_23/1/crit_evol_markers.npy,OUTPUTS/31_05_2023_14_34_23/1/crit_reversals.npy,OUTPUTS/31_05_2023_14_34_23/1/deaths.npy,OUTPUTS/31_05_2023_14_34_23/1/icu_occupancy.npy,OUTPUTS/31_05_2023_14_34_23/1/positive_diagnoses.npy,REMOTE,NONE,0.55,0.1427981361248435,0.1547792265935419,0.5593045319014366,0.06783008273850244,164.83605479452055,277.0,21.04383289495775,16.0
121,31_05_2023_14_34_23,10,OUTPUTS/31_05_2023_14_34_23/10/crit_evol_markers.npy,OUTPUTS/31_05_2023_14_34_23/10/crit_reversals.npy,OUTPUTS/31_05_2023_14_34_23/10/deaths.npy,OUTPUTS/31_05_2023_14_34_23/10/icu_occupancy.npy,OUTPUTS/31_05_2023_14_34_23/10/positive_diagnoses.npy,REMOTE,NONE,0.55,0.14303064757868625,0.15498991935483872,0.5638792702465244,0.06818181818181818,164.43101369863012,249.0,21.00740647401434,15.0
122,31_05_2023_14_34_23,2,OUTPUTS/31_05_2023_14_34_23/2/crit_evol_markers.npy,OUTPUTS/31_05_2023_14_34_23/2/crit_reversals.npy,OUTPUTS/31_05_2023_14_34_23/2/deaths.npy,OUTPUTS/31_05_2023_14_34_23/2/icu_occupancy.npy,OUTPUTS/31_05_2023_14_34_23/2/positive_diagnoses.npy,REMOTE,NONE,0.55,0.13966130311324856,0.15156646909398813,0.5621882274692385,0.06813588805607429,166.56120547945204,274.0,21.09730570092031,17.0
123,31_05_2023_14_34_23,3,OUTPUTS/31_05_2023_14_34_23/3/crit_evol_markers.npy,OUTPUTS/31_05_2023_14_34_23/3/crit_reversals.npy,OUTPUTS/31_05_2023_14_34_23/3/deaths.npy,OUTPUTS/31_05_2023_14_34_23/3/icu_occupancy.npy,OUTPUTS/31_05_2023_14_34_23/3/positive_diagnoses.npy,REMOTE,NONE,0.55,0.1390567390413765,0.150420296076775,0.5675952478492421,0.06769766489143794,166.55002739726027,289.0,21.04622564429242,16.0
124,31_05_2023_14_34_23,4,OUTPUTS/31_05_2023_14_34_23/4/crit_evol_markers.npy,OUTPUTS/31_05_2023_14_34_23/4/crit_reversals.npy,OUTPUTS/31_05_2023_14_34_23/4/deaths.npy,OUTPUTS/31_05_2023_14_34_23/4/icu_occupancy.npy,OUTPUTS/31_05_2023_14_34_23/4/positive_diagnoses.npy,REMOTE,NONE,0.55,0.14367950213924544,0.15591541567595707,0.563321664721898,0.06890963308699598,163.80723287671233,259.0,21.029883084542117,17.0
125,31_05_2023_14_34_23,5,OUTPUTS/31_05_2023_14_34_23/5/crit_evol_markers.npy,OUTPUTS/31_05_2023_14_34_23/5/crit_reversals.npy,OUTPUTS/31_05_2023_14_34_23/5/deaths.npy,OUTPUTS/31_05_2023_14_34_23/5/icu_occupancy.npy,OUTPUTS/31_05_2023_14_34_23/5/positive_diagnoses.npy,REMOTE,NONE,0.55,0.1413071557737019,0.15343618513323984,0.5677731852234564,0.06993025058124516,164.11835616438356,261.0,21.0039270687237,16.0
126,31_05_2023_14_34_23,6,OUTPUTS/31_05_2023_14_34_23/6/crit_evol_markers.npy,OUTPUTS/31_05_2023_14_34_23/6/crit_reversals.npy,OUTPUTS/31_05_2023_14_34_23/6/deaths.npy,OUTPUTS/31_05_2023_14_34_23/6/icu_occupancy.npy,OUTPUTS/31_05_2023_14_34_23/6/positive_diagnoses.npy,REMOTE,NONE,0.55,0.13926325247079965,0.1511879049676026,0.5639327429084842,0.06932357848799897,165.84032876712328,246.0,21.086783250888317,15.0
127,31_05_2023_14_34_23,7,OUTPUTS/31_05_2023_14_34_23/7/crit_evol_markers.npy,OUTPUTS/31_05_2023_14_34_23/7/crit_reversals.npy,OUTPUTS/31_05_2023_14_34_23/7/deaths.npy,OUTPUTS/31_05_2023_14_34_23/7/icu_occupancy.npy,OUTPUTS/31_05_2023_14_34_23/7/positive_diagnoses.npy,REMOTE,NONE,0.55,0.14203167724294485,0.1538870023337386,0.5622710622710623,0.06839756487643811,164.74750684931507,250.0,21.00813314887016,14.0
128,31_05_2023_14_34_23,8,OUTPUTS/31_05_2023_14_34_23/8/crit_evol_markers.npy,OUTPUTS/31_05_2023_14_34_23/8/crit_reversals.npy,OUTPUTS/31_05_2023_14_34_23/8/deaths.npy,OUTPUTS/31_05_2023_14_34_23/8/icu_occupancy.npy,OUTPUTS/31_05_2023_14_34_23/8/positive_diagnoses.npy,REMOTE,NONE,0.55,0.13897745020845972,0.1506126902417189,0.5655776851290127,0.06776554412505002,165.20164383561644,257.0,21.086965644583707,16.0
129,31_05_2023_14_34_23,9,OUTPUTS/31_05_2023_14_34_23/9/crit_evol_markers.npy,OUTPUTS/31_05_2023_14_34_23/9/crit_reversals.npy,OUTPUTS/31_05_2023_14_34_23/9/deaths.npy,OUTPUTS/31_05_2023_14_34_23/9/icu_occupancy.npy,OUTPUTS/31_05_2023_14_34_23/9/positive_diagnoses.npy,REMOTE,NONE,0.55,0.1423635285320131,0.15426096675048898,0.5637683401665764,0.06726231917691654,165.02520547945207,258.0,21.037370773959207,15.0
130,31_05_2023_15_34_22,1,OUTPUTS/31_05_2023_15_34_22/1/crit_evol_markers.npy,OUTPUTS/31_05_2023_15_34_22/1/crit_reversals.npy,OUTPUTS/31_05_2023_15_34_22/1/deaths.npy,OUTPUTS/31_05_2023_15_34_22/1/icu_occupancy.npy,OUTPUTS/31_05_2023_15_34_22/1/positive_diagnoses.npy,REMOTE,NONE,0.6,0.13636131209572264,0.1486731337458884,0.6165980620254136,0.07551197811469332,161.98641095890412,256.0,20.601633495010315,16.0
131,31_05_2023_15_34_22,10,OUTPUTS/31_05_2023_15_34_22/10/crit_evol_markers.npy,OUTPUTS/31_05_2023_15_34_22/10/crit_reversals.npy,OUTPUTS/31_05_2023_15_34_22/10/deaths.npy,OUTPUTS/31_05_2023_15_34_22/10/icu_occupancy.npy,OUTPUTS/31_05_2023_15_34_22/10/positive_diagnoses.npy,REMOTE,NONE,0.6,0.1346413040714086,0.14719210453155407,0.6193957734659106,0.07847824428451543,162.52339726027398,245.0,20.614762301918265,18.0
132,31_05_2023_15_34_22,2,OUTPUTS/31_05_2023_15_34_22/2/crit_evol_markers.npy,OUTPUTS/31_05_2023_15_34_22/2/crit_reversals.npy,OUTPUTS/31_05_2023_15_34_22/2/deaths.npy,OUTPUTS/31_05_2023_15_34_22/2/icu_occupancy.npy,OUTPUTS/31_05_2023_15_34_22/2/positive_diagnoses.npy,REMOTE,NONE,0.6,0.13452171473745952,0.14687456494500906,0.6173207864738735,0.07769107183842093,162.50761643835617,260.0,20.644326882918,19.0
133,31_05_2023_15_34_22,3,OUTPUTS/31_05_2023_15_34_22/3/crit_evol_markers.npy,OUTPUTS/31_05_2023_15_34_22/3/crit_reversals.npy,OUTPUTS/31_05_2023_15_34_22/3/deaths.npy,OUTPUTS/31_05_2023_15_34_22/3/icu_occupancy.npy,OUTPUTS/31_05_2023_15_34_22/3/positive_diagnoses.npy,REMOTE,NONE,0.6,0.13441506922939114,0.14678181157597608,0.6182402170296625,0.07730402067924141,161.6348493150685,257.0,20.61035186272044,16.0
134,31_05_2023_15_34_22,4,OUTPUTS/31_05_2023_15_34_22/4/crit_evol_markers.npy,OUTPUTS/31_05_2023_15_34_22/4/crit_reversals.npy,OUTPUTS/31_05_2023_15_34_22/4/deaths.npy,OUTPUTS/31_05_2023_15_34_22/4/icu_occupancy.npy,OUTPUTS/31_05_2023_15_34_22/4/positive_diagnoses.npy,REMOTE,NONE,0.6,0.13713248545389012,0.1498291163274778,0.6156480098862056,0.07705576437876525,160.51572602739725,258.0,20.60035723829482,18.0
135,31_05_2023_15_34_22,5,OUTPUTS/31_05_2023_15_34_22/5/crit_evol_markers.npy,OUTPUTS/31_05_2023_15_34_22/5/crit_reversals.npy,OUTPUTS/31_05_2023_15_34_22/5/deaths.npy,OUTPUTS/31_05_2023_15_34_22/5/icu_occupancy.npy,OUTPUTS/31_05_2023_15_34_22/5/positive_diagnoses.npy,REMOTE,NONE,0.6,0.1335211339417733,0.14550632032226699,0.6154846275429562,0.07591903329424361,162.85939726027397,256.0,20.64303375468815,17.0
136,31_05_2023_15_34_22,6,OUTPUTS/31_05_2023_15_34_22/6/crit_evol_markers.npy,OUTPUTS/31_05_2023_15_34_22/6/crit_reversals.npy,OUTPUTS/31_05_2023_15_34_22/6/deaths.npy,OUTPUTS/31_05_2023_15_34_22/6/icu_occupancy.npy,OUTPUTS/31_05_2023_15_34_22/6/positive_diagnoses.npy,REMOTE,NONE,0.6,0.1361351864198164,0.14871773323809123,0.6195189496897276,0.07749115339248167,161.00120547945207,259.0,20.57699903357284,16.0
137,31_05_2023_15_34_22,7,OUTPUTS/31_05_2023_15_34_22/7/crit_evol_markers.npy,OUTPUTS/31_05_2023_15_34_22/7/crit_reversals.npy,OUTPUTS/31_05_2023_15_34_22/7/deaths.npy,OUTPUTS/31_05_2023_15_34_22/7/icu_occupancy.npy,OUTPUTS/31_05_2023_15_34_22/7/positive_diagnoses.npy,REMOTE,NONE,0.6,0.13673650728239733,0.14939989587876912,0.6175936538189123,0.0773054485982512,160.5652602739726,268.0,20.615412756257825,16.0
138,31_05_2023_15_34_22,8,OUTPUTS/31_05_2023_15_34_22/8/crit_evol_markers.npy,OUTPUTS/31_05_2023_15_34_22/8/crit_reversals.npy,OUTPUTS/31_05_2023_15_34_22/8/deaths.npy,OUTPUTS/31_05_2023_15_34_22/8/icu_occupancy.npy,OUTPUTS/31_05_2023_15_34_22/8/positive_diagnoses.npy,REMOTE,NONE,0.6,0.13599386032233307,0.14806149732620322,0.6164748017395754,0.07457150166282937,161.89380821917808,255.0,20.572652072192515,17.0
139,31_05_2023_15_34_22,9,OUTPUTS/31_05_2023_15_34_22/9/crit_evol_markers.npy,OUTPUTS/31_05_2023_15_34_22/9/crit_reversals.npy,OUTPUTS/31_05_2023_15_34_22/9/deaths.npy,OUTPUTS/31_05_2023_15_34_22/9/icu_occupancy.npy,OUTPUTS/31_05_2023_15_34_22/9/positive_diagnoses.npy,REMOTE,NONE,0.6,0.1366951581533422,0.1494481205321545,0.6154672945030197,0.07738765482649196,161.47506849315067,252.0,20.612733097379795,17.0
140,31_05_2023_16_34_22,1,OUTPUTS/31_05_2023_16_34_22/1/crit_evol_markers.npy,OUTPUTS/31_05_2023_16_34_22/1/crit_reversals.npy,OUTPUTS/31_05_2023_16_34_22/1/deaths.npy,OUTPUTS/31_05_2023_16_34_22/1/icu_occupancy.npy,OUTPUTS/31_05_2023_16_34_22/1/positive_diagnoses.npy,REMOTE,NONE,0.65,0.1296639322572109,0.14227642276422764,0.6689474413740093,0.08459027961541854,159.40712328767123,256.0,20.112134284608153,18.0
141,31_05_2023_16_34_22,10,OUTPUTS/31_05_2023_16_34_22/10/crit_evol_markers.npy,OUTPUTS/31_05_2023_16_34_22/10/crit_reversals.npy,OUTPUTS/31_05_2023_16_34_22/10/deaths.npy,OUTPUTS/31_05_2023_16_34_22/10/icu_occupancy.npy,OUTPUTS/31_05_2023_16_34_22/10/positive_diagnoses.npy,REMOTE,NONE,0.65,0.1260320452403393,0.13839020822696602,0.669267986176563,0.08415959786365064,160.4485479452055,245.0,20.203024741613657,16.0
142,31_05_2023_16_34_22,2,OUTPUTS/31_05_2023_16_34_22/2/crit_evol_markers.npy,OUTPUTS/31_05_2023_16_34_22/2/crit_reversals.npy,OUTPUTS/31_05_2023_16_34_22/2/deaths.npy,OUTPUTS/31_05_2023_16_34_22/2/icu_occupancy.npy,OUTPUTS/31_05_2023_16_34_22/2/positive_diagnoses.npy,REMOTE,NONE,0.65,0.128061643403019,0.14056932100220462,0.6672393103012695,0.08486073391018759,159.80350684931506,258.0,20.21889602196309,19.0
143,31_05_2023_16_34_22,3,OUTPUTS/31_05_2023_16_34_22/3/crit_evol_markers.npy,OUTPUTS/31_05_2023_16_34_22/3/crit_reversals.npy,OUTPUTS/31_05_2023_16_34_22/3/deaths.npy,OUTPUTS/31_05_2023_16_34_22/3/icu_occupancy.npy,OUTPUTS/31_05_2023_16_34_22/3/positive_diagnoses.npy,REMOTE,NONE,0.65,0.1280878201250252,0.1405301511359394,0.6694646098003629,0.08440461786650534,159.92536986301369,269.0,20.178915637660918,18.0
144,31_05_2023_16_34_22,4,OUTPUTS/31_05_2023_16_34_22/4/crit_evol_markers.npy,OUTPUTS/31_05_2023_16_34_22/4/crit_reversals.npy,OUTPUTS/31_05_2023_16_34_22/4/deaths.npy,OUTPUTS/31_05_2023_16_34_22/4/icu_occupancy.npy,OUTPUTS/31_05_2023_16_34_22/4/positive_diagnoses.npy,REMOTE,NONE,0.65,0.12991780891525553,0.1428252217023951,0.6669673141173034,0.08631969410180515,158.11912328767124,245.0,20.14994762935549,21.0
145,31_05_2023_16_34_22,5,OUTPUTS/31_05_2023_16_34_22/5/crit_evol_markers.npy,OUTPUTS/31_05_2023_16_34_22/5/crit_reversals.npy,OUTPUTS/31_05_2023_16_34_22/5/deaths.npy,OUTPUTS/31_05_2023_16_34_22/5/icu_occupancy.npy,OUTPUTS/31_05_2023_16_34_22/5/positive_diagnoses.npy,REMOTE,NONE,0.65,0.1301092675030352,0.1429464645482208,0.6672020437070012,0.08558023067583974,159.0024109589041,251.0,20.159467007544706,18.0
146,31_05_2023_16_34_22,6,OUTPUTS/31_05_2023_16_34_22/6/crit_evol_markers.npy,OUTPUTS/31_05_2023_16_34_22/6/crit_reversals.npy,OUTPUTS/31_05_2023_16_34_22/6/deaths.npy,OUTPUTS/31_05_2023_16_34_22/6/icu_occupancy.npy,OUTPUTS/31_05_2023_16_34_22/6/positive_diagnoses.npy,REMOTE,NONE,0.65,0.1288066886242716,0.14140487017953746,0.6655814542690651,0.08468457055991893,159.17194520547946,245.0,20.19892360966248,17.0
147,31_05_2023_16_34_22,7,OUTPUTS/31_05_2023_16_34_22/7/crit_evol_markers.npy,OUTPUTS/31_05_2023_16_34_22/7/crit_reversals.npy,OUTPUTS/31_05_2023_16_34_22/7/deaths.npy,OUTPUTS/31_05_2023_16_34_22/7/icu_occupancy.npy,OUTPUTS/31_05_2023_16_34_22/7/positive_diagnoses.npy,REMOTE,NONE,0.65,0.12808784321653757,0.14079948886049226,0.6707142947397683,0.08705980465245575,159.45523287671233,241.0,20.209858881048948,17.0
148,31_05_2023_16_34_22,8,OUTPUTS/31_05_2023_16_34_22/8/crit_evol_markers.npy,OUTPUTS/31_05_2023_16_34_22/8/crit_reversals.npy,OUTPUTS/31_05_2023_16_34_22/8/deaths.npy,OUTPUTS/31_05_2023_16_34_22/8/icu_occupancy.npy,OUTPUTS/31_05_2023_16_34_22/8/positive_diagnoses.npy,REMOTE,NONE,0.65,0.13059914498471376,0.14375479997207288,0.6696393459259917,0.08730289614228266,157.95528767123287,243.0,20.126258465405293,19.0
149,31_05_2023_16_34_22,9,OUTPUTS/31_05_2023_16_34_22/9/crit_evol_markers.npy,OUTPUTS/31_05_2023_16_34_22/9/crit_reversals.npy,OUTPUTS/31_05_2023_16_34_22/9/deaths.npy,OUTPUTS/31_05_2023_16_34_22/9/icu_occupancy.npy,OUTPUTS/31_05_2023_16_34_22/9/positive_diagnoses.npy,REMOTE,NONE,0.65,0.12935505907952333,0.141937006343786,0.6661943678364497,0.08383725931735951,159.41665753424658,265.0,20.19290939629923,18.0
150,31_05_2023_17_34_52,1,OUTPUTS/31_05_2023_17_34_52/1/crit_evol_markers.npy,OUTPUTS/31_05_2023_17_34_52/1/crit_reversals.npy,OUTPUTS/31_05_2023_17_34_52/1/deaths.npy,OUTPUTS/31_05_2023_17_34_52/1/icu_occupancy.npy,OUTPUTS/31_05_2023_17_34_52/1/positive_diagnoses.npy,REMOTE,NONE,0.7,0.12305516265912306,0.13603154836031547,0.7201311787310211,0.09288906134608405,155.8244383561644,254.0,19.674802822748028,18.0
151,31_05_2023_17_34_52,10,OUTPUTS/31_05_2023_17_34_52/10/crit_evol_markers.npy,OUTPUTS/31_05_2023_17_34_52/10/crit_reversals.npy,OUTPUTS/31_05_2023_17_34_52/10/deaths.npy,OUTPUTS/31_05_2023_17_34_52/10/icu_occupancy.npy,OUTPUTS/31_05_2023_17_34_52/10/positive_diagnoses.npy,REMOTE,NONE,0.7,0.12351466532965656,0.13625553097345133,0.7193657558285285,0.09191526698420657,155.72427397260273,238.0,19.648561946902653,22.0
152,31_05_2023_17_34_52,2,OUTPUTS/31_05_2023_17_34_52/2/crit_evol_markers.npy,OUTPUTS/31_05_2023_17_34_52/2/crit_reversals.npy,OUTPUTS/31_05_2023_17_34_52/2/deaths.npy,OUTPUTS/31_05_2023_17_34_52/2/icu_occupancy.npy,OUTPUTS/31_05_2023_17_34_52/2/positive_diagnoses.npy,REMOTE,NONE,0.7,0.12389336016096579,0.1368580438134663,0.7190769617706237,0.09249245472837023,155.29523287671233,251.0,19.68506813730257,18.0
153,31_05_2023_17_34_52,3,OUTPUTS/31_05_2023_17_34_52/3/crit_evol_markers.npy,OUTPUTS/31_05_2023_17_34_52/3/crit_reversals.npy,OUTPUTS/31_05_2023_17_34_52/3/deaths.npy,OUTPUTS/31_05_2023_17_34_52/3/icu_occupancy.npy,OUTPUTS/31_05_2023_17_34_52/3/positive_diagnoses.npy,REMOTE,NONE,0.7,0.12360199329709917,0.1365306490301291,0.7182271203886176,0.09284898389546488,155.69731506849314,230.0,19.69882007126714,20.0
154,31_05_2023_17_34_52,4,OUTPUTS/31_05_2023_17_34_52/4/crit_evol_markers.npy,OUTPUTS/31_05_2023_17_34_52/4/crit_reversals.npy,OUTPUTS/31_05_2023_17_34_52/4/deaths.npy,OUTPUTS/31_05_2023_17_34_52/4/icu_occupancy.npy,OUTPUTS/31_05_2023_17_34_52/4/positive_diagnoses.npy,REMOTE,NONE,0.7,0.12281537574283494,0.13595736412590906,0.7185627241042101,0.09389182818886187,155.54005479452056,239.0,19.698315105756954,18.0
155,31_05_2023_17_34_52,5,OUTPUTS/31_05_2023_17_34_52/5/crit_evol_markers.npy,OUTPUTS/31_05_2023_17_34_52/5/crit_reversals.npy,OUTPUTS/31_05_2023_17_34_52/5/deaths.npy,OUTPUTS/31_05_2023_17_34_52/5/icu_occupancy.npy,OUTPUTS/31_05_2023_17_34_52/5/positive_diagnoses.npy,REMOTE,NONE,0.7,0.12317700529417641,0.13639254507244775,0.7227050244730796,0.09610678253920688,155.8235616438356,241.0,19.658914943037274,19.0
156,31_05_2023_17_34_52,6,OUTPUTS/31_05_2023_17_34_52/6/crit_evol_markers.npy,OUTPUTS/31_05_2023_17_34_52/6/crit_reversals.npy,OUTPUTS/31_05_2023_17_34_52/6/deaths.npy,OUTPUTS/31_05_2023_17_34_52/6/icu_occupancy.npy,OUTPUTS/31_05_2023_17_34_52/6/positive_diagnoses.npy,REMOTE,NONE,0.7,0.11972041937094359,0.1322997986262448,0.721392910634049,0.09289815277084373,156.55134246575344,241.0,19.703332321866984,20.0
157,31_05_2023_17_34_52,7,OUTPUTS/31_05_2023_17_34_52/7/crit_evol_markers.npy,OUTPUTS/31_05_2023_17_34_52/7/crit_reversals.npy,OUTPUTS/31_05_2023_17_34_52/7/deaths.npy,OUTPUTS/31_05_2023_17_34_52/7/icu_occupancy.npy,OUTPUTS/31_05_2023_17_34_52/7/positive_diagnoses.npy,REMOTE,NONE,0.7,0.12348698809763971,0.1365855019105793,0.7205088763364939,0.09342848497074843,154.52438356164384,239.0,19.66411457897526,19.0
158,31_05_2023_17_34_52,8,OUTPUTS/31_05_2023_17_34_52/8/crit_evol_markers.npy,OUTPUTS/31_05_2023_17_34_52/8/crit_reversals.npy,OUTPUTS/31_05_2023_17_34_52/8/deaths.npy,OUTPUTS/31_05_2023_17_34_52/8/icu_occupancy.npy,OUTPUTS/31_05_2023_17_34_52/8/positive_diagnoses.npy,REMOTE,NONE,0.7,0.12184008488858374,0.13475451482851936,0.7222145933462331,0.09403907371574809,156.06684931506848,239.0,19.662423372176505,20.0
159,31_05_2023_17_34_52,9,OUTPUTS/31_05_2023_17_34_52/9/crit_evol_markers.npy,OUTPUTS/31_05_2023_17_34_52/9/crit_reversals.npy,OUTPUTS/31_05_2023_17_34_52/9/deaths.npy,OUTPUTS/31_05_2023_17_34_52/9/icu_occupancy.npy,OUTPUTS/31_05_2023_17_34_52/9/positive_diagnoses.npy,REMOTE,NONE,0.7,0.12296050481433994,0.1360917109546732,0.7217864595117781,0.09428815647233325,154.90969863013697,241.0,19.665975681015052,17.0
160,31_05_2023_18_35_30,1,OUTPUTS/31_05_2023_18_35_30/1/crit_evol_markers.npy,OUTPUTS/31_05_2023_18_35_30/1/crit_reversals.npy,OUTPUTS/31_05_2023_18_35_30/1/deaths.npy,OUTPUTS/31_05_2023_18_35_30/1/icu_occupancy.npy,OUTPUTS/31_05_2023_18_35_30/1/positive_diagnoses.npy,REMOTE,NONE,0.75,0.11488518908213158,0.12820831606575495,0.7720616451073838,0.10577458686637371,152.00569863013698,233.0,19.160823318137865,19.0
161,31_05_2023_18_35_30,10,OUTPUTS/31_05_2023_18_35_30/10/crit_evol_markers.npy,OUTPUTS/31_05_2023_18_35_30/10/crit_reversals.npy,OUTPUTS/31_05_2023_18_35_30/10/deaths.npy,OUTPUTS/31_05_2023_18_35_30/10/icu_occupancy.npy,OUTPUTS/31_05_2023_18_35_30/10/positive_diagnoses.npy,REMOTE,NONE,0.75,0.11499243307614063,0.1281625881377022,0.7708834693725656,0.10402659587664674,152.2237808219178,234.0,19.204230609705515,19.0
162,31_05_2023_18_35_30,2,OUTPUTS/31_05_2023_18_35_30/2/crit_evol_markers.npy,OUTPUTS/31_05_2023_18_35_30/2/crit_reversals.npy,OUTPUTS/31_05_2023_18_35_30/2/deaths.npy,OUTPUTS/31_05_2023_18_35_30/2/icu_occupancy.npy,OUTPUTS/31_05_2023_18_35_30/2/positive_diagnoses.npy,REMOTE,NONE,0.75,0.11549470293042563,0.12858147908016168,0.7728517440059476,0.10450405798897218,152.0905205479452,227.0,19.14480418258818,20.0
163,31_05_2023_18_35_30,3,OUTPUTS/31_05_2023_18_35_30/3/crit_evol_markers.npy,OUTPUTS/31_05_2023_18_35_30/3/crit_reversals.npy,OUTPUTS/31_05_2023_18_35_30/3/deaths.npy,OUTPUTS/31_05_2023_18_35_30/3/icu_occupancy.npy,OUTPUTS/31_05_2023_18_35_30/3/positive_diagnoses.npy,REMOTE,NONE,0.75,0.11479393588019786,0.12800550206327374,0.7738660614059976,0.10471585231968619,152.59386301369864,240.0,19.152943603851444,21.0
164,31_05_2023_18_35_30,4,OUTPUTS/31_05_2023_18_35_30/4/crit_evol_markers.npy,OUTPUTS/31_05_2023_18_35_30/4/crit_reversals.npy,OUTPUTS/31_05_2023_18_35_30/4/deaths.npy,OUTPUTS/31_05_2023_18_35_30/4/icu_occupancy.npy,OUTPUTS/31_05_2023_18_35_30/4/positive_diagnoses.npy,REMOTE,NONE,0.75,0.11525108493490391,0.12846915081822202,0.7727464352138872,0.1049845009299442,152.01139726027398,228.0,19.171605484298983,19.0
165,31_05_2023_18_35_30,5,OUTPUTS/31_05_2023_18_35_30/5/crit_evol_markers.npy,OUTPUTS/31_05_2023_18_35_30/5/crit_reversals.npy,OUTPUTS/31_05_2023_18_35_30/5/deaths.npy,OUTPUTS/31_05_2023_18_35_30/5/icu_occupancy.npy,OUTPUTS/31_05_2023_18_35_30/5/positive_diagnoses.npy,REMOTE,NONE,0.75,0.11625453100948409,0.12920627474786495,0.7706067828591291,0.10238840061572074,152.29041095890412,236.0,19.172610753162896,19.0
166,31_05_2023_18_35_30,6,OUTPUTS/31_05_2023_18_35_30/6/crit_evol_markers.npy,OUTPUTS/31_05_2023_18_35_30/6/crit_reversals.npy,OUTPUTS/31_05_2023_18_35_30/6/deaths.npy,OUTPUTS/31_05_2023_18_35_30/6/icu_occupancy.npy,OUTPUTS/31_05_2023_18_35_30/6/positive_diagnoses.npy,REMOTE,NONE,0.75,0.11536000787440327,0.12854048422033945,0.7736355135587382,0.10421280574831439,153.05939726027398,235.0,19.14763784925009,21.0
167,31_05_2023_18_35_30,7,OUTPUTS/31_05_2023_18_35_30/7/crit_evol_markers.npy,OUTPUTS/31_05_2023_18_35_30/7/crit_reversals.npy,OUTPUTS/31_05_2023_18_35_30/7/deaths.npy,OUTPUTS/31_05_2023_18_35_30/7/icu_occupancy.npy,OUTPUTS/31_05_2023_18_35_30/7/positive_diagnoses.npy,REMOTE,NONE,0.75,0.11499194647503408,0.12813043598310186,0.7723826043860736,0.10289926898773386,152.00931506849315,232.0,19.149639671977248,20.0
168,31_05_2023_18_35_30,8,OUTPUTS/31_05_2023_18_35_30/8/crit_evol_markers.npy,OUTPUTS/31_05_2023_18_35_30/8/crit_reversals.npy,OUTPUTS/31_05_2023_18_35_30/8/deaths.npy,OUTPUTS/31_05_2023_18_35_30/8/icu_occupancy.npy,OUTPUTS/31_05_2023_18_35_30/8/positive_diagnoses.npy,REMOTE,NONE,0.75,0.11371968154045548,0.1267158143757049,0.7704005431093007,0.1034623217922607,152.97643835616438,248.0,19.19937831815806,21.0
169,31_05_2023_18_35_30,9,OUTPUTS/31_05_2023_18_35_30/9/crit_evol_markers.npy,OUTPUTS/31_05_2023_18_35_30/9/crit_reversals.npy,OUTPUTS/31_05_2023_18_35_30/9/deaths.npy,OUTPUTS/31_05_2023_18_35_30/9/icu_occupancy.npy,OUTPUTS/31_05_2023_18_35_30/9/positive_diagnoses.npy,REMOTE,NONE,0.75,0.11406109668926318,0.12706788558270857,0.7744614362520146,0.10511681696829517,153.384,240.0,19.183248584860404,21.0
170,31_05_2023_19_36_39,1,OUTPUTS/31_05_2023_19_36_39/1/crit_evol_markers.npy,OUTPUTS/31_05_2023_19_36_39/1/crit_reversals.npy,OUTPUTS/31_05_2023_19_36_39/1/deaths.npy,OUTPUTS/31_05_2023_19_36_39/1/icu_occupancy.npy,OUTPUTS/31_05_2023_19_36_39/1/positive_diagnoses.npy,REMOTE,NONE,0.8,0.10691471204954406,0.12001532692886663,0.8244379967815868,0.11375384015214317,148.88734246575342,224.0,18.592071051263105,22.0
171,31_05_2023_19_36_39,10,OUTPUTS/31_05_2023_19_36_39/10/crit_evol_markers.npy,OUTPUTS/31_05_2023_19_36_39/10/crit_reversals.npy,OUTPUTS/31_05_2023_19_36_39/10/deaths.npy,OUTPUTS/31_05_2023_19_36_39/10/icu_occupancy.npy,OUTPUTS/31_05_2023_19_36_39/10/positive_diagnoses.npy,REMOTE,NONE,0.8,0.10796799141233014,0.12134464841447197,0.823928371026373,0.11479909243943497,148.69183561643837,233.0,18.601513552048917,20.0
172,31_05_2023_19_36_39,2,OUTPUTS/31_05_2023_19_36_39/2/crit_evol_markers.npy,OUTPUTS/31_05_2023_19_36_39/2/crit_reversals.npy,OUTPUTS/31_05_2023_19_36_39/2/deaths.npy,OUTPUTS/31_05_2023_19_36_39/2/icu_occupancy.npy,OUTPUTS/31_05_2023_19_36_39/2/positive_diagnoses.npy,REMOTE,NONE,0.8,0.1075149906615551,0.1207929539744333,0.8234911039024869,0.11455568662144894,147.74619178082193,226.0,18.611557469836274,20.0
173,31_05_2023_19_36_39,3,OUTPUTS/31_05_2023_19_36_39/3/crit_evol_markers.npy,OUTPUTS/31_05_2023_19_36_39/3/crit_reversals.npy,OUTPUTS/31_05_2023_19_36_39/3/deaths.npy,OUTPUTS/31_05_2023_19_36_39/3/icu_occupancy.npy,OUTPUTS/31_05_2023_19_36_39/3/positive_diagnoses.npy,REMOTE,NONE,0.8,0.10772661553164899,0.12094699627199318,0.826365574533781,0.11478422819614281,147.71243835616437,220.0,18.542032933019687,22.0
174,31_05_2023_19_36_39,4,OUTPUTS/31_05_2023_19_36_39/4/crit_evol_markers.npy,OUTPUTS/31_05_2023_19_36_39/4/crit_reversals.npy,OUTPUTS/31_05_2023_19_36_39/4/deaths.npy,OUTPUTS/31_05_2023_19_36_39/4/icu_occupancy.npy,OUTPUTS/31_05_2023_19_36_39/4/positive_diagnoses.npy,REMOTE,NONE,0.8,0.10897081752667183,0.12233478051133623,0.8258627674855438,0.11577228585810222,147.33435616438356,228.0,18.529749844945215,23.0
175,31_05_2023_19_36_39,5,OUTPUTS/31_05_2023_19_36_39/5/crit_evol_markers.npy,OUTPUTS/31_05_2023_19_36_39/5/crit_reversals.npy,OUTPUTS/31_05_2023_19_36_39/5/deaths.npy,OUTPUTS/31_05_2023_19_36_39/5/icu_occupancy.npy,OUTPUTS/31_05_2023_19_36_39/5/positive_diagnoses.npy,REMOTE,NONE,0.8,0.1057251583567373,0.11873779646899792,0.8251328251328252,0.1149530096898518,149.24361643835616,229.0,18.595081720988023,21.0
176,31_05_2023_19_36_39,6,OUTPUTS/31_05_2023_19_36_39/6/crit_evol_markers.npy,OUTPUTS/31_05_2023_19_36_39/6/crit_reversals.npy,OUTPUTS/31_05_2023_19_36_39/6/deaths.npy,OUTPUTS/31_05_2023_19_36_39/6/icu_occupancy.npy,OUTPUTS/31_05_2023_19_36_39/6/positive_diagnoses.npy,REMOTE,NONE,0.8,0.10858493107079017,0.12208181918290938,0.8230612894537085,0.11585739121917775,147.88416438356165,235.0,18.57508809602467,23.0
177,31_05_2023_19_36_39,7,OUTPUTS/31_05_2023_19_36_39/7/crit_evol_markers.npy,OUTPUTS/31_05_2023_19_36_39/7/crit_reversals.npy,OUTPUTS/31_05_2023_19_36_39/7/deaths.npy,OUTPUTS/31_05_2023_19_36_39/7/icu_occupancy.npy,OUTPUTS/31_05_2023_19_36_39/7/positive_diagnoses.npy,REMOTE,NONE,0.8,0.10630606506895167,0.11931042019561773,0.8244501515354374,0.11429058289414429,149.2405479452055,234.0,18.60308179880881,21.0
178,31_05_2023_19_36_39,8,OUTPUTS/31_05_2023_19_36_39/8/crit_evol_markers.npy,OUTPUTS/31_05_2023_19_36_39/8/crit_reversals.npy,OUTPUTS/31_05_2023_19_36_39/8/deaths.npy,OUTPUTS/31_05_2023_19_36_39/8/icu_occupancy.npy,OUTPUTS/31_05_2023_19_36_39/8/positive_diagnoses.npy,REMOTE,NONE,0.8,0.10818612878657592,0.12157815541352034,0.8236247942412107,0.1160479571530354,147.56646575342467,229.0,18.588660804262897,20.0
179,31_05_2023_19_36_39,9,OUTPUTS/31_05_2023_19_36_39/9/crit_evol_markers.npy,OUTPUTS/31_05_2023_19_36_39/9/crit_reversals.npy,OUTPUTS/31_05_2023_19_36_39/9/deaths.npy,OUTPUTS/31_05_2023_19_36_39/9/icu_occupancy.npy,OUTPUTS/31_05_2023_19_36_39/9/positive_diagnoses.npy,REMOTE,NONE,0.8,0.10726250152830419,0.12052810902896081,0.825174226678078,0.11465949382565106,148.10706849315068,231.0,18.567305050283014,20.0
180,31_05_2023_20_38_10,1,OUTPUTS/31_05_2023_20_38_10/1/crit_evol_markers.npy,OUTPUTS/31_05_2023_20_38_10/1/crit_reversals.npy,OUTPUTS/31_05_2023_20_38_10/1/deaths.npy,OUTPUTS/31_05_2023_20_38_10/1/icu_occupancy.npy,OUTPUTS/31_05_2023_20_38_10/1/positive_diagnoses.npy,REMOTE,NONE,0.85,0.09992023783627003,0.11325717103640996,0.8766224349213255,0.12766780267324102,142.99594520547944,212.0,17.87400345196022,22.0
181,31_05_2023_20_38_10,10,OUTPUTS/31_05_2023_20_38_10/10/crit_evol_markers.npy,OUTPUTS/31_05_2023_20_38_10/10/crit_reversals.npy,OUTPUTS/31_05_2023_20_38_10/10/deaths.npy,OUTPUTS/31_05_2023_20_38_10/10/icu_occupancy.npy,OUTPUTS/31_05_2023_20_38_10/10/positive_diagnoses.npy,REMOTE,NONE,0.85,0.10053235794734364,0.11401034964269091,0.8745035550887866,0.12710196887939257,143.09019178082193,218.0,17.87501026750267,20.0
182,31_05_2023_20_38_10,2,OUTPUTS/31_05_2023_20_38_10/2/crit_evol_markers.npy,OUTPUTS/31_05_2023_20_38_10/2/crit_reversals.npy,OUTPUTS/31_05_2023_20_38_10/2/deaths.npy,OUTPUTS/31_05_2023_20_38_10/2/icu_occupancy.npy,OUTPUTS/31_05_2023_20_38_10/2/positive_diagnoses.npy,REMOTE,NONE,0.85,0.0991703739329085,0.1124855097170133,0.8758085848262595,0.1282553805458699,143.96931506849316,225.0,17.916399590862596,20.0
183,31_05_2023_20_38_10,3,OUTPUTS/31_05_2023_20_38_10/3/crit_evol_markers.npy,OUTPUTS/31_05_2023_20_38_10/3/crit_reversals.npy,OUTPUTS/31_05_2023_20_38_10/3/deaths.npy,OUTPUTS/31_05_2023_20_38_10/3/icu_occupancy.npy,OUTPUTS/31_05_2023_20_38_10/3/positive_diagnoses.npy,REMOTE,NONE,0.85,0.09895141221097394,0.11218242826816407,0.8769721423566648,0.12748556379714418,143.07528767123287,229.0,17.88073683489694,22.0
184,31_05_2023_20_38_10,4,OUTPUTS/31_05_2023_20_38_10/4/crit_evol_markers.npy,OUTPUTS/31_05_2023_20_38_10/4/crit_reversals.npy,OUTPUTS/31_05_2023_20_38_10/4/deaths.npy,OUTPUTS/31_05_2023_20_38_10/4/icu_occupancy.npy,OUTPUTS/31_05_2023_20_38_10/4/positive_diagnoses.npy,REMOTE,NONE,0.85,0.09744163120055784,0.11025860778952237,0.874738512587463,0.12444396354805357,144.44098630136986,218.0,17.930103796813995,22.0
185,31_05_2023_20_38_10,5,OUTPUTS/31_05_2023_20_38_10/5/crit_evol_markers.npy,OUTPUTS/31_05_2023_20_38_10/5/crit_reversals.npy,OUTPUTS/31_05_2023_20_38_10/5/deaths.npy,OUTPUTS/31_05_2023_20_38_10/5/icu_occupancy.npy,OUTPUTS/31_05_2023_20_38_10/5/positive_diagnoses.npy,REMOTE,NONE,0.85,0.09947353837628152,0.11289308176100629,0.878431939474984,0.12871203633428507,143.3092602739726,217.0,17.879368334700573,21.0
186,31_05_2023_20_38_10,6,OUTPUTS/31_05_2023_20_38_10/6/crit_evol_markers.npy,OUTPUTS/31_05_2023_20_38_10/6/crit_reversals.npy,OUTPUTS/31_05_2023_20_38_10/6/deaths.npy,OUTPUTS/31_05_2023_20_38_10/6/icu_occupancy.npy,OUTPUTS/31_05_2023_20_38_10/6/positive_diagnoses.npy,REMOTE,NONE,0.85,0.09920207291527927,0.11220367301661212,0.8764363292932473,0.12559783990604076,143.25435616438355,224.0,17.902135060737617,22.0
187,31_05_2023_20_38_10,7,OUTPUTS/31_05_2023_20_38_10/7/crit_evol_markers.npy,OUTPUTS/31_05_2023_20_38_10/7/crit_reversals.npy,OUTPUTS/31_05_2023_20_38_10/7/deaths.npy,OUTPUTS/31_05_2023_20_38_10/7/icu_occupancy.npy,OUTPUTS/31_05_2023_20_38_10/7/positive_diagnoses.npy,REMOTE,NONE,0.85,0.09871536462760144,0.11188176038312278,0.8766968600500255,0.12768644211855557,142.5918904109589,227.0,17.90591198084386,23.0
188,31_05_2023_20_38_10,8,OUTPUTS/31_05_2023_20_38_10/8/crit_evol_markers.npy,OUTPUTS/31_05_2023_20_38_10/8/crit_reversals.npy,OUTPUTS/31_05_2023_20_38_10/8/deaths.npy,OUTPUTS/31_05_2023_20_38_10/8/icu_occupancy.npy,OUTPUTS/31_05_2023_20_38_10/8/positive_diagnoses.npy,REMOTE,NONE,0.85,0.09899927658548348,0.11199465328168476,0.8778876296117676,0.12617554858934169,143.90268493150685,224.0,17.910306072344373,22.0
189,31_05_2023_20_38_10,9,OUTPUTS/31_05_2023_20_38_10/9/crit_evol_markers.npy,OUTPUTS/31_05_2023_20_38_10/9/crit_reversals.npy,OUTPUTS/31_05_2023_20_38_10/9/deaths.npy,OUTPUTS/31_05_2023_20_38_10/9/icu_occupancy.npy,OUTPUTS/31_05_2023_20_38_10/9/positive_diagnoses.npy,REMOTE,NONE,0.85,0.09827671573659232,0.1113757048229047,0.8789232794328982,0.1277186711268371,142.84646575342467,225.0,17.839190890677177,22.0
190,31_05_2023_21_40_09,1,OUTPUTS/31_05_2023_21_40_09/1/crit_evol_markers.npy,OUTPUTS/31_05_2023_21_40_09/1/crit_reversals.npy,OUTPUTS/31_05_2023_21_40_09/1/deaths.npy,OUTPUTS/31_05_2023_21_40_09/1/icu_occupancy.npy,OUTPUTS/31_05_2023_21_40_09/1/positive_diagnoses.npy,REMOTE,NONE,0.9,0.08897906724899145,0.10185538360941587,0.9296093108495674,0.14111458866370744,137.48306849315068,197.0,17.089867589363557,23.0
191,31_05_2023_21_40_09,10,OUTPUTS/31_05_2023_21_40_09/10/crit_evol_markers.npy,OUTPUTS/31_05_2023_21_40_09/10/crit_reversals.npy,OUTPUTS/31_05_2023_21_40_09/10/deaths.npy,OUTPUTS/31_05_2023_21_40_09/10/icu_occupancy.npy,OUTPUTS/31_05_2023_21_40_09/10/positive_diagnoses.npy,REMOTE,NONE,0.9,0.0878476785904586,0.10058160816691748,0.9295347708192723,0.1422211170710336,138.33994520547944,204.0,17.114084678895352,20.0
192,31_05_2023_21_40_09,2,OUTPUTS/31_05_2023_21_40_09/2/crit_evol_markers.npy,OUTPUTS/31_05_2023_21_40_09/2/crit_reversals.npy,OUTPUTS/31_05_2023_21_40_09/2/deaths.npy,OUTPUTS/31_05_2023_21_40_09/2/icu_occupancy.npy,OUTPUTS/31_05_2023_21_40_09/2/positive_diagnoses.npy,REMOTE,NONE,0.9,0.08897249056514206,0.10197918792083248,0.9296242671666943,0.14250789205098383,137.74027397260275,220.0,17.09691899612324,24.0
193,31_05_2023_21_40_09,3,OUTPUTS/31_05_2023_21_40_09/3/crit_evol_markers.npy,OUTPUTS/31_05_2023_21_40_09/3/crit_reversals.npy,OUTPUTS/31_05_2023_21_40_09/3/deaths.npy,OUTPUTS/31_05_2023_21_40_09/3/icu_occupancy.npy,OUTPUTS/31_05_2023_21_40_09/3/positive_diagnoses.npy,REMOTE,NONE,0.9,0.08887599744275804,0.10179673198182927,0.9291194089929676,0.1427201477517581,138.2854794520548,207.0,17.111058376839107,21.0
194,31_05_2023_21_40_09,4,OUTPUTS/31_05_2023_21_40_09/4/crit_evol_markers.npy,OUTPUTS/31_05_2023_21_40_09/4/crit_reversals.npy,OUTPUTS/31_05_2023_21_40_09/4/deaths.npy,OUTPUTS/31_05_2023_21_40_09/4/icu_occupancy.npy,OUTPUTS/31_05_2023_21_40_09/4/positive_diagnoses.npy,REMOTE,NONE,0.9,0.08914899443935081,0.10213770241327094,0.9320695855113534,0.14225498017455915,137.14520547945204,208.0,17.072288992264983,23.0
195,31_05_2023_21_40_09,5,OUTPUTS/31_05_2023_21_40_09/5/crit_evol_markers.npy,OUTPUTS/31_05_2023_21_40_09/5/crit_reversals.npy,OUTPUTS/31_05_2023_21_40_09/5/deaths.npy,OUTPUTS/31_05_2023_21_40_09/5/icu_occupancy.npy,OUTPUTS/31_05_2023_21_40_09/5/positive_diagnoses.npy,REMOTE,NONE,0.9,0.08910148859458109,0.10210816265306678,0.931543688049596,0.14295743642832495,137.40449315068494,203.0,17.097335478768375,23.0
196,31_05_2023_21_40_09,6,OUTPUTS/31_05_2023_21_40_09/6/crit_evol_markers.npy,OUTPUTS/31_05_2023_21_40_09/6/crit_reversals.npy,OUTPUTS/31_05_2023_21_40_09/6/deaths.npy,OUTPUTS/31_05_2023_21_40_09/6/icu_occupancy.npy,OUTPUTS/31_05_2023_21_40_09/6/positive_diagnoses.npy,REMOTE,NONE,0.9,0.08995728783714649,0.10306004225448102,0.9302328348264745,0.14287753863725594,137.4189589041096,208.0,17.091910311456417,22.0
197,31_05_2023_21_40_09,7,OUTPUTS/31_05_2023_21_40_09/7/crit_evol_markers.npy,OUTPUTS/31_05_2023_21_40_09/7/crit_reversals.npy,OUTPUTS/31_05_2023_21_40_09/7/deaths.npy,OUTPUTS/31_05_2023_21_40_09/7/icu_occupancy.npy,OUTPUTS/31_05_2023_21_40_09/7/positive_diagnoses.npy,REMOTE,NONE,0.9,0.08893148858143024,0.10200346885541428,0.9307384564094016,0.14244040673445574,136.93457534246576,197.0,17.06469278778526,23.0
198,31_05_2023_21_40_09,8,OUTPUTS/31_05_2023_21_40_09/8/crit_evol_markers.npy,OUTPUTS/31_05_2023_21_40_09/8/crit_reversals.npy,OUTPUTS/31_05_2023_21_40_09/8/deaths.npy,OUTPUTS/31_05_2023_21_40_09/8/icu_occupancy.npy,OUTPUTS/31_05_2023_21_40_09/8/positive_diagnoses.npy,REMOTE,NONE,0.9,0.08731611093946812,0.10011035572691726,0.931304513154455,0.14326116405637285,137.49698630136987,204.0,17.093693374569135,21.0
199,31_05_2023_21_40_09,9,OUTPUTS/31_05_2023_21_40_09/9/crit_evol_markers.npy,OUTPUTS/31_05_2023_21_40_09/9/crit_reversals.npy,OUTPUTS/31_05_2023_21_40_09/9/deaths.npy,OUTPUTS/31_05_2023_21_40_09/9/icu_occupancy.npy,OUTPUTS/31_05_2023_21_40_09/9/positive_diagnoses.npy,REMOTE,NONE,0.9,0.08936767258804784,0.10233786746184116,0.9302156904710946,0.1422796128510618,137.35857534246574,199.0,17.06625546342061,22.0
200,31_05_2023_22_42_46,1,OUTPUTS/31_05_2023_22_42_46/1/crit_evol_markers.npy,OUTPUTS/31_05_2023_22_42_46/1/crit_reversals.npy,OUTPUTS/31_05_2023_22_42_46/1/deaths.npy,OUTPUTS/31_05_2023_22_42_46/1/icu_occupancy.npy,OUTPUTS/31_05_2023_22_42_46/1/positive_diagnoses.npy,REMOTE,NONE,0.95,0.07649922368405693,0.08890969282535548,0.9842752244311881,0.16175389033515836,129.28054794520548,194.0,16.005712037338544,25.0
201,31_05_2023_22_42_46,10,OUTPUTS/31_05_2023_22_42_46/10/crit_evol_markers.npy,OUTPUTS/31_05_2023_22_42_46/10/crit_reversals.npy,OUTPUTS/31_05_2023_22_42_46/10/deaths.npy,OUTPUTS/31_05_2023_22_42_46/10/icu_occupancy.npy,OUTPUTS/31_05_2023_22_42_46/10/positive_diagnoses.npy,REMOTE,NONE,0.95,0.07706327694177026,0.08943486278338214,0.984788297971773,0.16065753808767175,129.10323287671233,193.0,15.973356654734786,22.0
202,31_05_2023_22_42_46,2,OUTPUTS/31_05_2023_22_42_46/2/crit_evol_markers.npy,OUTPUTS/31_05_2023_22_42_46/2/crit_reversals.npy,OUTPUTS/31_05_2023_22_42_46/2/deaths.npy,OUTPUTS/31_05_2023_22_42_46/2/icu_occupancy.npy,OUTPUTS/31_05_2023_22_42_46/2/positive_diagnoses.npy,REMOTE,NONE,0.95,0.07759771433924265,0.09001874541552338,0.9844500128802605,0.16014847427460716,128.8106301369863,187.0,15.96616316661686,23.0
203,31_05_2023_22_42_46,3,OUTPUTS/31_05_2023_22_42_46/3/crit_evol_markers.npy,OUTPUTS/31_05_2023_22_42_46/3/crit_reversals.npy,OUTPUTS/31_05_2023_22_42_46/3/deaths.npy,OUTPUTS/31_05_2023_22_42_46/3/icu_occupancy.npy,OUTPUTS/31_05_2023_22_42_46/3/positive_diagnoses.npy,REMOTE,NONE,0.95,0.07642523364485981,0.08888586956521739,0.9856308411214953,0.16356308411214954,128.9712876712329,191.0,15.989986413043479,27.0
204,31_05_2023_22_42_46,4,OUTPUTS/31_05_2023_22_42_46/4/crit_evol_markers.npy,OUTPUTS/31_05_2023_22_42_46/4/crit_reversals.npy,OUTPUTS/31_05_2023_22_42_46/4/deaths.npy,OUTPUTS/31_05_2023_22_42_46/4/icu_occupancy.npy,OUTPUTS/31_05_2023_22_42_46/4/positive_diagnoses.npy,REMOTE,NONE,0.95,0.07603224904464535,0.0882917985767243,0.9838871283437413,0.16141998322304035,129.29523287671233,191.0,15.962050491111292,25.0
205,31_05_2023_22_42_46,5,OUTPUTS/31_05_2023_22_42_46/5/crit_evol_markers.npy,OUTPUTS/31_05_2023_22_42_46/5/crit_reversals.npy,OUTPUTS/31_05_2023_22_42_46/5/deaths.npy,OUTPUTS/31_05_2023_22_42_46/5/icu_occupancy.npy,OUTPUTS/31_05_2023_22_42_46/5/positive_diagnoses.npy,REMOTE,NONE,0.95,0.07518143244684551,0.08723315532478713,0.9846970715759698,0.16068074845231747,130.03024657534246,191.0,15.96058702465665,24.0
206,31_05_2023_22_42_46,6,OUTPUTS/31_05_2023_22_42_46/6/crit_evol_markers.npy,OUTPUTS/31_05_2023_22_42_46/6/crit_reversals.npy,OUTPUTS/31_05_2023_22_42_46/6/deaths.npy,OUTPUTS/31_05_2023_22_42_46/6/icu_occupancy.npy,OUTPUTS/31_05_2023_22_42_46/6/positive_diagnoses.npy,REMOTE,NONE,0.95,0.07582347111292485,0.08817268450096945,0.9850638372296391,0.16293359762140733,129.32098630136986,190.0,16.000081352622946,24.0
207,31_05_2023_22_42_46,7,OUTPUTS/31_05_2023_22_42_46/7/crit_evol_markers.npy,OUTPUTS/31_05_2023_22_42_46/7/crit_reversals.npy,OUTPUTS/31_05_2023_22_42_46/7/deaths.npy,OUTPUTS/31_05_2023_22_42_46/7/icu_occupancy.npy,OUTPUTS/31_05_2023_22_42_46/7/positive_diagnoses.npy,REMOTE,NONE,0.95,0.0751526044888479,0.08755183901012985,0.9865544649213926,0.16552480771250833,128.87419178082192,206.0,15.989897341763546,24.0
208,31_05_2023_22_42_46,8,OUTPUTS/31_05_2023_22_42_46/8/crit_evol_markers.npy,OUTPUTS/31_05_2023_22_42_46/8/crit_reversals.npy,OUTPUTS/31_05_2023_22_42_46/8/deaths.npy,OUTPUTS/31_05_2023_22_42_46/8/icu_occupancy.npy,OUTPUTS/31_05_2023_22_42_46/8/positive_diagnoses.npy,REMOTE,NONE,0.95,0.07633231401293214,0.08854110256687966,0.9851070286421252,0.16065967926422187,129.30421917808218,194.0,15.973965666630564,24.0
209,31_05_2023_22_42_46,9,OUTPUTS/31_05_2023_22_42_46/9/crit_evol_markers.npy,OUTPUTS/31_05_2023_22_42_46/9/crit_reversals.npy,OUTPUTS/31_05_2023_22_42_46/9/deaths.npy,OUTPUTS/31_05_2023_22_42_46/9/icu_occupancy.npy,OUTPUTS/31_05_2023_22_42_46/9/positive_diagnoses.npy,REMOTE,NONE,0.95,0.07621727855240665,0.08850178921072176,0.985893872614576,0.16193555139491342,129.75145205479453,197.0,15.987873877523462,24.0
